Number of Rows (Aggregated),avg_age,age_stddev,CODED_PARTY_AFFILIATION,CITY,Score,General,Primary,Special
42,47.928571429,19.174923738,-0.214285714,CHESAPEAKE,0.121215153,0.235634921,0.046938776,0
33,55.030303030,16.563296865,-0.151515152,MILLBURY,0.197365680,0.368430458,0.087445887,0.107142857
8,61,12.142016778,-0.125,BLUE CREEK,0.25390625,0.475,0.125000000,0
15,53.6,23.120182896,0.266666667,N BLOOMFIELD,0.255174188,0.477380952,0.116001221,0.068181818
16,49.6875,19.496046608,-0.5,SEAMAN,0.228157222,0.415211368,0.115376673,0
12,44.166666667,20.639033334,-0.166666667,SHILOH,0.284540720,0.446666667,0.103896104,0.125
266,49.251879699,19.888189731,-0.022556391,FAIRVIEW PARK,0.176585827,0.329441160,0.071992538,0.074171030
3,77,17.578395831,-1,MACKSBURG,0.359375,0.666666667,0.180952381,0
9,39.555555556,21.772178986,-0.222222222,SPENCERVILLE,0.232535121,0.386807760,0.111507937,0.0625
110,51.890909091,19.328804125,-0.081818182,GENEVA,0.204627831,0.360215620,0.107690734,0.060240964
9,43.888888889,19.029217302,-0.333333333,LEWISTOWN,0.231930231,0.455696649,0.074882422,0
81,51.395061728,20.229112074,0.370370370,YELLOW SPRINGS,0.220125082,0.378982107,0.110719874,0.008196721
1,62,,0,TARLTON,0.203125,0.4,0.085714286,0
24,48.166666667,16.372476020,-0.083333333,HUNTING VALLEY,0.166728997,0.287619048,0.052192735,0
11,51.818181818,20.336264071,-0.454545455,DANVILLE,0.231912879,0.399393939,0.129004329,0
2,62.5,6.363961031,1,MARK CENTER,0.234375,0.48,0.085714286,0
235,41.782978723,20.140312502,0.042553191,GRANVILLE,0.221338568,0.376078951,0.087324414,0.058712121
23,48.391304348,19.782313337,-0.217391304,MILAN,0.278456119,0.478985362,0.161246000,0.015625
491,46.503054990,18.610768521,-0.150712831,NEWARK,0.176513422,0.311894078,0.076729920,0.043128655
293,49.344709898,19.249104614,0.129692833,BROOK PARK,0.158600531,0.288447711,0.072572033,0.042424242
32,52,18.388285191,-0.3125,LOWELL,0.214736381,0.416344697,0.092351153,0
1,59,,-1,GETTYSBURG,0.328125,0.56,0.2,0
7,41.857142857,18.243067829,-0.142857143,DORSET,0.154336735,0.315714286,0.044897959,0
7,61.428571429,20.452034478,-0.142857143,KANSAS,0.160443723,0.324835165,0.061224490,0
2912,43.565590659,16.665392428,0.050824176,REYNOLDSBURG,0.062795142,0.123963082,0.014016367,0.003950244
1,31,,0,BRINKHAVEN,0.065217391,0.166666667,0,
754,48.429708223,18.150206045,-0.027851459,HUBER HEIGHTS,0.119353905,0.233288513,0.037319947,0.028571429
20,54.2,20.679509309,-0.2,ROCKFORD,0.259184028,0.459326923,0.135966387,0.083333333
2,53.5,17.677669530,0.5,HAMMONDSVILLE,0.171875,0.28,0.114285714,0
12,49.916666667,13.297014930,0,WOODMERE,0.172916667,0.324545455,0.080952381,0
127,50.078740157,19.706419186,-0.031496063,E LIVERPOOL,0.167990845,0.313512186,0.067976634,0.023684211
17810,41.756934307,17.080593904,0.122852330,COLUMBUS,0.105086270,0.200753018,0.033270607,0.009934893
2,49.5,7.778174593,0,AMESVILLE,0.0078125,0.02,0,0
101,49.495049505,17.958075488,-0.029702970,KIRTLAND,0.217791819,0.363314377,0.123552577,0.160173160
61,52.344262295,17.363645207,0.180327869,CLAYTON,0.200088356,0.365885800,0.080316818,0.044117647
824,47.845873786,16.520300335,0.008495146,HUDSON,0.150563523,0.278585589,0.056633331,0.020769231
3,24.666666667,5.859465277,0.333333333,DEGRAFF,0.723616474,0.456349206,0.021739130,
1,89,,0,MT ST JOSEPH,0.171875,0.32,0.085714286,0
8,54.125,22.041762310,-0.375,FREEPORT,0.384373141,0.4025,0.053901561,0
16,53.25,13.010252368,-0.5625,LORE CITY,0.276944875,0.513695652,0.137608225,0.015625
43,39.441860465,17.696249704,-0.162790698,CEDARVILLE,0.121532405,0.251470881,0.028982499,0
12,44.916666667,19.185497995,0.166666667,PEDRO,0.179625939,0.397759662,0.038095238,0
861,45.764227642,17.563940935,-0.012775842,PERRYSBURG,0.125870759,0.243924957,0.041244363,0.005307856
48,57.1875,20.468612453,0.375,BRATENAHL,0.173474216,0.346055427,0.064990643,0
5,42.8,29.969984985,0.2,DUNCAN FALLS,0.304375,0.405333333,0.037012987,0
7,42.428571429,14.057704209,-0.428571429,OHIO CITY,0.195767196,0.387142857,0.061224490,0
12,55.5,17.531789309,-0.583333333,MALTA,0.244910038,0.430793651,0.139880952,0
62,52.564516129,17.000116651,-0.290322581,GOSHEN,0.181331464,0.363135914,0.065472366,0.019230769
13,45.538461538,19.674922213,-0.384615385,WEST MANCHESTER,0.157014860,0.28,0.078754579,0.083333333
8,51.75,13.424391447,-0.125,SOUTH SALEM,0.153680099,0.323928571,0.042857143,0.071428571
9,44.333333333,20.898564544,0.333333333,LONDONDERRY,0.219955107,0.404682355,0.095222431,0.2
94,57.319148936,18.332187315,0.021276596,GATES MILLS,0.179953030,0.337336085,0.084610592,0
55,49.654545455,19.638603501,-0.127272727,MILLERSBURG,0.186628267,0.347470490,0.061174968,0.073170732
24,43.125,16.111871130,-0.333333333,VINCENT,0.262341284,0.325158011,0.076016467,0
40,48.075,18.856254488,0.1,BRIDGEPORT,0.139514506,0.267627056,0.060981380,0.008928571
5,59.4,20.501219476,-0.4,DUNDEE,0.316,0.564363636,0.165714286,0.0625
56,51.392857143,16.847636545,-0.232142857,CALDWELL,0.264815023,0.459160608,0.136420186,0
17,46.823529412,20.168773184,0,MILFORD CENTER,0.237193627,0.409914748,0.121156698,0.057692308
7,44,24.610295948,-0.285714286,THURMAN,0.169701816,0.328598901,0.060997732,0
157,49.356687898,18.362452192,-0.076433121,CIRCLEVILLE,0.187524448,0.323188225,0.091169712,0.060924370
103,45.621359223,15.412699440,0,SOUTH LEBANON,0.094075381,0.193468879,0.027492375,0.015243902
2,28.5,0.707106781,0,CONESVILLE,0.031818182,0.076923077,0,
25,49.24,17.616942603,-0.04,SOUTHINGTON,0.229098121,0.423266667,0.107333333,0.026315789
16,57.3125,15.772206567,-0.1875,HUNTSVILLE,0.225585938,0.452115385,0.083928572,0.053571429
9,60.666666667,24.677925359,-0.555555556,CRIDERSVILLE,0.198163803,0.371997354,0.090158730,0.0625
16,54.75,17.830685162,-0.0625,CHIPPEWA LAKE,0.272888826,0.456466557,0.151179316,0.25
20,49.6,21.112231426,-0.1,OAK HILL,0.142944601,0.297385281,0.042142857,0
15,47.733333333,18.979186595,0,WOODSFIELD,0.220523291,0.411878788,0.084502165,0.121794872
14,42.571428571,18.927856093,0.142857143,KINGS MILLS,0.240474496,0.350714286,0.090870668,0.03125
17,39.647058824,11.842408837,0.058823529,REMINDERVILLE,0.050677079,0.116857361,0.008988374,0
2,69,16.970562748,-0.5,BOWERSVILLE,0.109375,0.22,0.028571428,0.125
2,60.5,20.506096654,-0.5,HARRISBURG,0.3125,0.48,0.214285715,0.125
9,56.333333333,10.246950766,-0.555555556,NORTH FAIRFIELD,0.271306818,0.480211640,0.153571429,0
1,30,,-1,WATERLOO,0.268292683,0.5,0.12,
1,79,,1,SOUTH BLOOMINGVILLE,0.171875,0.4,0.028571429,0
6,63.5,7.529940239,0,FORT RECOVERY,0.315104167,0.586666667,0.157142857,0
4,46.5,12.476644848,0,E FULTONHAM,0.0390625,0.1,0,0
3,73,19,0.333333333,SHADE,0.3125,0.533333333,0.190476190,0
5,49.8,19.942417105,-0.4,ALVORDTON,0.205256098,0.371181818,0.097142857,0.166666667
2411,48.523434260,18.309413333,-0.017005392,CENTERVILLE,0.148441732,0.278894501,0.050908031,0.013628855
8,48.75,27.048897522,0,PETERSBURG,0.280730221,0.487386364,0.159204371,0
4,49,16.911534525,-0.25,HANGING ROCK,0.198035038,0.456153846,0.035714286,0
8,47.5,18.547236991,0.125,NEW KNOXVILLE,0.145627593,0.284757085,0.056527094,0.041666667
42,47.5,14.690713841,-0.047619048,TERRACE PARK,0.167864396,0.337330749,0.064157049,0.006578947
53,49.320754717,17.355750083,-0.018867925,SEVILLE,0.211882756,0.372437488,0.100253342,0.121794872
1,51,,0,FULTON,0.015625,0.04,0,0
59,44.881355932,17.588284449,-0.271186441,MOUNT ORAB,0.158376504,0.301036917,0.051921182,0.018292683
499,48.525050100,18.652521007,0.094188377,BOARDMAN,0.143500323,0.262441614,0.064284656,0.006048387
387,49.868217054,19.112855389,0.059431525,PARMA HTS,0.132840717,0.235951659,0.068075274,0.033687943
5837,45.449546000,16.502302118,0.059790989,DUBLIN,0.129028501,0.247893890,0.030698429,0.004917843
1883,46.514073287,16.926552236,0.119490175,SOLON,0.136981813,0.240611722,0.050757046,0.002454418
80,50.75,18.642200663,-0.0875,WINTERSVILLE,0.165575143,0.301605613,0.078467346,0.068965517
122,49.147540984,19.922441406,-0.090163934,HILLSBORO,0.151681758,0.268194138,0.060761177,0.005747126
27,48.555555556,18.009256879,-0.259259259,CURTICE,0.190911542,0.366741623,0.076575277,0
17,53.235294118,16.902401500,-0.529411765,MONTVILLE,0.226386493,0.432561589,0.104300544,0
2,66.5,27.577164466,0,MAYNARD,0.2109375,0.38,0.1,0.125
2,73.5,19.091883092,-1,LAFAYETTE,0.3984375,0.66,0.257142857,0
69,49.289855072,18.635908925,0.057971014,MENTOR ON THE LAKE,0.161707296,0.300508196,0.061945081,0.014423077
18,23,1.909727421,0.111111111,WILBERFORCE,0.072329971,0.137323633,0.012820513,
19,44.368421053,18.797785113,0.105263158,KINGSTON,0.263637318,0.436451842,0.094849026,0.153846154
15,44.066666667,18.218776291,0.266666667,LOCKBOURNE,0.162092826,0.323435473,0.061415816,0.022727273
19,46.894736842,19.110482106,-0.052631579,RIPLEY,0.123983542,0.242083998,0.046798029,0.041666667
12,45.166666667,13.422053314,-0.333333333,ST LOUISVILLE,0.245847843,0.421964286,0.146428571,0.025
13,48.769230769,12.852715966,-0.307692308,WEST PORTSMOUTH,0.122017931,0.242580029,0.050614092,0
5,35,11.958260743,-0.4,NEW BAVARIA,0.389849291,0.526385965,0.135714286,0.125
245,49.8,19.701377167,-0.240816327,TIFFIN,0.213535230,0.366030903,0.103588419,0.090355805
2,48,22.627416998,-0.5,CHESHIRE,0.1171875,0.22,0.057142857,0
2,80,11.313708499,-0.5,ZALESKI,0.2109375,0.42,0.085714286,0
312,44.320512821,18.902521031,0.173076923,SOUTH EUCLID,0.150660439,0.273847435,0.058410907,0
6,49.5,22.915060550,-0.166666667,STERLING,0.185185185,0.353333333,0.071428571,0.0625
45,54.866666667,19.637163283,0.2,LOWELLVILLE,0.288994689,0.533470435,0.142878124,0
42,58.952380952,19.001864326,-0.214285714,E PALESTINE,0.133940572,0.258896188,0.057823129,0.012820513
2,71,24.041630560,-0.5,SEVEN MILE,0.2421875,0.36,0.171428571,0.125
86,43.627906977,18.432098927,-0.069767442,BELLEVUE,0.189843451,0.344190433,0.069969519,0.1
5,59.6,25.205158202,-0.6,BURGOON,0.211764706,0.457,0.057142857,0
42,46.380952381,18.766800448,-0.261904762,DELPHOS,0.181325900,0.312624941,0.077684588,0
4,34.25,13.696106503,0,ADDYSTON,0.1875,0.39,0.014285714,0
1,63,,0,LIBERTY TOWNSHIP,0.203125,0.48,0.028571429,0
84,44.785714286,18.285599989,-0.238095238,IRONTON,0.220912403,0.397060243,0.085415121,0.090909091
366,38.948087432,19.714122166,0.136612022,OXFORD,0.155706747,0.266696274,0.044775175,0.008982036
243,46.543209877,19.090941158,-0.020576132,WEST CARROLLTON,0.127135642,0.237899442,0.051477339,0.032934132
5,43.8,12.696456198,-0.6,PHILLIPSBURG,0.129166667,0.208064777,0.082105263,0
34,51.029411765,16.087799432,-0.235294118,MT STERLING,0.175990327,0.308441134,0.069171422,0.008620690
26,51.769230769,20.476928856,0.192307692,NORTH JACKSON,0.178863190,0.319664066,0.092572134,0
86,53.058139535,19.832447953,-0.139534884,UPPER SANDUSKY,0.192610813,0.350837009,0.096480135,0.011194030
2,49,1.414213562,-0.5,DOLA,0.0625,0.14,0.014285714,0
1,51,,0,IRONDALE,0.015625,0.04,0,0
39,46.538461538,17.120080782,-0.435897436,AMANDA,0.176287430,0.330570351,0.073175681,0.064814815
452,47.013274336,16.388162969,-0.081858407,XENIA,0.153412762,0.282017842,0.072326854,0.018063584
2,44,4.242640687,0.5,JERUSALEM,0.140625,0.26,0.057142857,0.125
1,34,,0,ROCKY RIDGE,0.037037037,0.1,0,0
4,38.5,14.708274315,0.25,NEFFS,0.077651515,0.119230769,0.055357143,0
1,36,,0,NEW HAMPSHIRE,0.06779661,0.130434783,0.03030303,0
10,51.4,15.457468529,-0.1,PARIS,0.339653610,0.562944445,0.195928190,0.148148148
27,54.222222222,19.692508012,0.185185185,ELMORE,0.265334422,0.476812570,0.130383511,0.056818182
102,26.460784314,12.251224686,0.137254902,GAMBIER,0.247350629,0.342139603,0.071678409,0.053571429
21,46.285714286,19.066050606,-0.285714286,LEESBURG,0.258424996,0.447614870,0.098620690,0.033333333
3,49,12.124355653,0,DEXTER CITY,0.229071970,0.479365079,0.077083333,0
8,57.125,16.146096388,-0.125,S AMHERST,0.21875,0.39,0.110714286,0.107142857
35,45.685714286,17.845367546,-0.171428571,NEWCOMERSTOWN,0.183993581,0.362183944,0.055799202,0.079545455
10,50.8,15.105554534,-0.5,BEACH CITY,0.292778540,0.531769231,0.151428571,0.03125
9,39.666666667,16.955824958,-0.111111111,VAN BUREN,0.124195871,0.236865079,0.044329004,0
177,51.124293785,18.658909878,-0.152542373,SALEM,0.206229562,0.381822967,0.087632535,0.012681159
29,56.413793103,17.019982460,0.137931034,BERLIN CENTER,0.256494204,0.468807170,0.130142945,0.019230769
9,44.444444444,19.831232382,-0.111111111,SARAHSVILLE,0.123857283,0.237466069,0.045010327,0.041666667
16,52.5,20.119642144,0.1875,MCDERMOTT,0.313092607,0.534232955,0.120761905,0
95,50.294736842,19.508249038,-0.136842105,NEW CARLISLE,0.193662325,0.344069722,0.093709374,0.100694444
45,51.4,19.049457162,0.022222222,CADIZ,0.204102998,0.314661468,0.079269294,0.022727273
166,52,19.230972493,0.132530120,GIRARD,0.199020501,0.347384838,0.104178927,0.084645669
16,49.25,19.244046698,0.125,NORTH LAWRENCE,0.206975446,0.423766234,0.055357143,0.020833333
7,60.857142857,21.074697083,0,DE GRAFF,0.217113095,0.426122449,0.081632653,0.083333333
2,73.5,0.707106781,0,MARTINSBURG,0.0546875,0.1,0.028571428,0
38,43.973684211,18.994290525,-0.157894737,FREDERICKTOWN,0.157270499,0.280255439,0.050139384,0.01
65,43.384615385,18.032689334,-0.123076923,BROOKVILLE,0.201017694,0.332352397,0.092280333,0.030487805
148,50.047297297,19.737506842,0.047297297,VANDALIA,0.168590878,0.312936669,0.058438552,0.022522523
520,47.203846154,18.474811906,0.028846154,MAUMEE,0.153903432,0.295189673,0.047965538,0.012532982
16,53.375,18.931015116,-0.4375,OKEANA,0.180860459,0.331993787,0.089285714,0.041666667
3,45.666666667,21.221058723,0,LANGSVILLE,0.120330460,0.281818182,0.009523810,0.125
268,51.201492537,19.507716653,0.022388060,RAVENNA,0.198651340,0.355388101,0.084057139,0.157582938
17,45.176470588,17.959103869,-0.117647059,PLEASANT CITY,0.293933985,0.512759953,0.160033090,0.0625
45,55.088888889,17.409274203,0.066666667,GLOUSTER,0.193109962,0.362306397,0.087152838,0.0375
297,45.952861953,16.914464870,-0.033670034,BATAVIA,0.123594889,0.239953319,0.045475043,0.014823718
4,55.5,14.083086783,0,CUTLER,0.188616071,0.331904762,0.107575758,0
9,48,18.445866746,-0.222222222,SALINEVILLE,0.176866320,0.350625,0.071428571,0
2,54,22.627416998,0.5,WILMOT,0.133060516,0.24,0.071428571,0
62,45.080645161,15.881010815,0,UNION,0.128279256,0.248665107,0.050435570,0.027173913
3,52.666666667,15.885003410,-0.333333333,CLARKSBURG,0.0625,0.146666667,0.009523810,0
4,51.25,26.849891372,-0.75,SALESVILLE,0.356097342,0.637179487,0.179411765,0
159,47.377358491,16.381016817,0.226415094,ORANGE,0.154200044,0.281590378,0.056242438,0.001893939
5,37.8,12.275992832,0.2,KIMBOLTON,0.130615602,0.242793651,0.062857143,0
1,70,,1,LAKELINE,0.3125,0.56,0.171428571,0
13,45.384615385,14.546124693,0,TIMBERLAKE,0.234614145,0.445052842,0.089926740,0.138888889
295,49.949152542,19.000021240,-0.332203390,CHARDON,0.240518386,0.438104192,0.110570452,0.008771930
21,45.666666667,16.826566297,-0.285714286,HAMERSVILLE,0.194499321,0.378073900,0.077777778,0.033333333
27,43.740740741,18.649793962,-0.148148148,SOMERSET,0.101360925,0.213129898,0.025948930,0.014705882
156,47.557692308,18.378191980,-0.070512821,PORTSMOUTH,0.125331358,0.225485853,0.045426483,0.011363636
16,48.9375,18.702829554,-0.25,GLENFORD,0.243841893,0.410226024,0.084523810,0
7,65.857142857,11.216484467,0.714285714,FOWLER,0.203125,0.371428571,0.106122449,0
3,29.333333333,9.073771726,-0.333333333,SUMMERFIELD,0.094328704,0.2,0.009523810,0
34,50.529411765,19.929018425,-0.235294118,WEST JEFFERSON,0.187943820,0.358284314,0.083799764,0.010416667
10,40,10.413666235,0.3,TILTONSVILLE,0.1493125,0.296565657,0.052857143,0.035714286
3,54.666666667,9.291573243,-0.333333333,LOWER SALEM,0.151041667,0.36,0.019047619,0
43,54.255813953,32.399362886,0,BELLVILLE,0.191366199,0.381004838,0.069281715,0.030303030
36,50.5,19.139338696,-0.416666667,SUGARCREEK,0.259817674,0.468067981,0.132106782,0.043103448
2,30.5,3.535533906,0,WOODSTOCK,0,0,0,0
490,50.112244898,17.660674980,-0.018367347,N RIDGEVILLE,0.153025831,0.287840656,0.065342238,0.06125
20,46.65,17.723831711,-0.2,BEVERLY,0.219139881,0.406088745,0.101428571,0
2,47,38.183766184,0.5,ELDORADO,0.3578125,0.67,0.157142857,0.25
22,57.045454545,17.645928365,0,W FARMINGTON,0.253951647,0.467762238,0.112987013,0.078947368
1,52,,-1,HARPSTER,0.390625,0.72,0.2,0
402,49.962686567,18.033803138,0.012437811,AVON LAKE,0.155446840,0.289920732,0.065572745,0.046410256
109,42.990825688,16.986648032,0.229357798,WARRENSVILLE HTS,0.124820602,0.251244931,0.041848876,0.003571429
120,50.5,19.478926342,-0.2,GALLIPOLIS,0.163443398,0.302353062,0.054743191,0
3,50,16.522711642,0,PUT-IN-BAY,0.197916667,0.386666667,0.085714286,0
4407,44.896528251,18.130114392,0.108690719,AKRON,0.102705365,0.195942394,0.038149510,0.018810883
6,55.666666667,18.062853226,-0.333333333,EAST LIBERTY,0.147569445,0.313333333,0.042857143,0
1,61,,0,AVA,0.015625,0.04,0,0
33,49.121212121,17.912561193,-0.515151515,CHANDLERSVILLE,0.302115808,0.588567493,0.119434683,0.01
44,52.386363636,17.588600840,-0.159090909,PAULDING,0.227365106,0.435388643,0.099783550,0.006756757
50,57.9,16.496443649,0.22,NEW MIDDLETOWN,0.282822249,0.497739181,0.157149612,0.017045455
1,42,,0,MT EATON,0,0,0,0
18,51.111111111,16.708183584,-0.388888889,LAURELVILLE,0.224119212,0.414584378,0.104137931,0.057692308
1,68,,-1,NORTH STAR,0.515625,0.84,0.285714286,0.5
9,48.333333333,19.602295784,-0.111111111,JUNCTION CITY,0.098958333,0.164444444,0.053968254,0.125
2,35.5,21.920310217,-0.5,COLLINSVILLE,0.209375,0.45,0.057142857,0
491,48.965376782,18.946563492,0.124236253,LORAIN,0.168833431,0.285707342,0.079194257,0.097677596
564,50.296099291,19.604325447,-0.056737589,KETTERING,0.174523292,0.320683690,0.073542581,0.028985507
1,63,,-1,KIPTON,0.421875,0.64,0.285714286,0.25
452,32.075221239,16.957847994,0.305309735,OBERLIN,0.203003275,0.313877229,0.079431834,0.067982456
12,51.5,19.970432690,-0.333333333,MIDDLEPORT,0.270610119,0.472643468,0.143145743,0.111111111
13,45.307692308,20.564470231,0.153846154,POWHATAN POINT,0.101360279,0.229836932,0.019844861,0
454,50.854625551,17.712095697,-0.004405286,HIGHLAND HTS,0.134012196,0.266151482,0.041839858,0.000672043
1,21,,0,COVENTRY TOWNSHIP,0,0,0,
14,46.714285714,18.619380191,-0.285714286,EDGERTON,0.183456003,0.368063813,0.066548358,0.027777778
49,45.612244898,21.903021411,0.163265306,HIRAM,0.296710843,0.470728200,0.134210008,0.305555556
2528,45.974287975,16.797748553,0.047072785,WESTERVILLE,0.150082916,0.287046172,0.051581761,0.026058486
26,51.384615385,20.867346593,-0.307692308,WINDHAM,0.201220057,0.377430756,0.087912088,0.0875
1216,45.341282895,16.641248954,-0.003289474,DELAWARE,0.137828473,0.254088525,0.049138420,0.018886502
2,43.5,2.121320344,0,WILLISTON,0.3515625,0.6,0.214285715,0
55,54.418181818,19.919923870,-0.254545455,OTTAWA,0.217842001,0.397850477,0.107143268,0.043478261
20,51.5,19.113235976,-0.25,NEW PARIS,0.153849882,0.292044372,0.058791937,0.132352941
243,46.658436214,19.069972308,0.222222222,MAPLE HTS,0.147300566,0.272920928,0.064326093,0.004285714
6,56.333333333,16.573070526,-0.166666667,BRICE,0.174479167,0.326666667,0.085714286,0
2,36.5,7.778174593,0,TRINWAY,0.03125,0.08,0,0
86,46.825581395,18.830633278,-0.139534884,EATON,0.156533543,0.299659048,0.064597962,0.020161290
10,58.2,17.453430099,0.1,SUGAR GROVE,0.254464286,0.445,0.14,0.055555556
180,49.722222222,18.585467848,-0.177777778,PIQUA,0.176779860,0.323720535,0.077123464,0.056763285
21,51.857142857,19.736478192,0.047619048,WAYNESBURG,0.192208649,0.387052154,0.062925170,0.03125
2,23.5,6.363961031,0,RUSSIA,0.266129032,0.538461539,0,
28,55.607142857,14.234385300,0,KINSMAN,0.182203619,0.349904306,0.081972789,0
16,56.1875,14.325821675,-0.5625,WARSAW,0.183007813,0.340869565,0.091176471,0
36,48.111111111,20.119326569,0.138888889,CAMDEN,0.182063941,0.359258489,0.069663194,0.02
1,22,,0,MILLEDGEVILLE,0,0,0,
17,49.294117647,23.456781285,-0.352941176,BETHESDA,0.172598115,0.329297386,0.076657529,0
33,48.151515152,18.858223028,-0.212121212,SPENCER,0.256377201,0.386782107,0.142710365,0.211805556
12,51.416666667,20.029334548,-0.416666667,RUSSELLS POINT,0.165364583,0.273333333,0.102380952,0.055555556
854,47.086651054,17.744162979,0.019906323,SYLVANIA,0.131673753,0.256231106,0.039160454,0.003328009
22,54.409090909,25.837696880,-0.090909091,ORWELL,0.329638720,0.537327804,0.204537448,0.115384615
38,54.552631579,18.790016568,-0.131578947,ENON,0.203116995,0.363535828,0.101337904,0.0546875
4,34.75,16.680827318,0,DUNKIRK,0.069010417,0.144583333,0,0
5,58.2,24.376217918,-0.2,NOVA,0.198056093,0.362793651,0.097678571,0.0625
8,57.875,16.548090093,-0.375,BLAKESLEE,0.357793899,0.665,0.178781513,0
18,41.5,14.130692502,-0.111111111,ALEXANDRIA,0.242857496,0.410811966,0.138741759,0.020833333
438,50.470319635,17.790357746,0.130136986,PEPPER PIKE,0.145161450,0.276053190,0.050284020,0.000677507
454,51.385462555,19.141943593,0.008810573,BEAVERCREEK,0.171416432,0.308050179,0.070371054,0.031455399
4,41.25,6.184658438,-0.75,MT CORY,0.191675647,0.414545454,0.058008658,0
1,28,,0,GRATIS,0.034482759,0.083333333,0,
26,53.769230769,17.842214419,-0.076923077,MILLERSPORT,0.250537583,0.419912008,0.141248947,0.141304348
3,35.666666667,22.810816148,0,JACKSONTOWN,0.142654221,0.300952381,0.028571429,0
244,42.352459016,15.373764265,-0.040983607,MONROE,0.105505173,0.204545091,0.026097716,0.025714286
940,45.836170213,16.760378827,0.051063830,TWINSBURG,0.131645023,0.240407464,0.034088680,0.019705603
10,48.4,15.064306600,-0.2,OREGONIA,0.161366422,0.324,0.031904762,0.111111111
57,45.017543860,18.028242950,-0.438596491,COVINGTON,0.255648295,0.456821737,0.105990123,0.012195122
4,47.25,11.441882130,-0.75,FARMDALE,0.23546875,0.413157895,0.135714286,0
30,53.133333333,17.876459831,0,BROOKFIELD,0.265403874,0.481674881,0.134504876,0.03125
47,53.361702128,17.060538668,-0.446808511,LEETONIA,0.246358455,0.433273290,0.116133513,0
857,50.898483081,18.322403682,-0.091015169,MEDINA,0.186618995,0.331287893,0.074593016,0.083211679
34,52.176470588,15.238449353,-0.147058824,GIBSONBURG,0.251589102,0.452328107,0.137384837,0.017241379
6,45.666666667,21.313532477,-0.5,HOMEWORTH,0.161458333,0.306666667,0.071428571,0.0625
1,76,,-1,GRAYSVILLE,0.4375,0.68,0.285714286,0.25
24,37.958333333,12.605999837,-0.125,WRIGHT PATTERSON AFB,0.050667963,0.099884085,0.016089466,0
25,40.76,17.215012828,-0.28,LIBERTY CENTER,0.209423701,0.308295971,0.076002259,0.05
502,48.802788845,18.345077499,-0.069721116,CHILLICOTHE,0.193918304,0.358214136,0.077347163,0.071396994
14,44.571428571,19.341920538,-0.285714286,FAYETTEVILLE,0.089433331,0.192063492,0.020408163,0
163,52.134969325,18.396697012,-0.049079755,CORTLAND,0.201439729,0.369530188,0.091802385,0.028409091
13,48.384615385,16.992834085,-0.230769231,PLYMOUTH,0.132612179,0.247692308,0.064835165,0
21,47.761904762,20.354126761,-0.047619048,WEST LAFAYETTE,0.198934837,0.342433862,0.111564626,0.016666667
14,59.428571429,23.870529902,-0.5,LATHAM,0.262764481,0.56,0.071201814,0
31,52.161290323,17.301438811,-0.032258065,VALLEY VIEW,0.175499967,0.356711470,0.060368664,0
40,58.825,17.429546826,-0.25,VIENNA,0.247050310,0.413876125,0.151367695,0.035714286
19,42.473684211,17.270296983,-0.315789474,WEST ALEXANDRIA,0.122826346,0.219093567,0.065665584,0
81,48.432098765,18.115558418,-0.061728395,CLYDE,0.214551265,0.361566812,0.118495777,0.091666667
9,44.222222222,17.203035908,-0.222222222,RUDOLPH,0.285049401,0.458677249,0.174795575,0.083333333
79,48.417721519,18.417945259,-0.063291139,WATERVILLE,0.179694284,0.331889581,0.085714623,0.004237288
112,50.928571429,19.488372272,-0.267857143,ELIDA,0.204725863,0.351240065,0.104794341,0.056547619
18,58.277777778,17.217656996,0.222222222,FLUSHING,0.243853228,0.453650794,0.115873016,0.058823529
80,53.9,17.126188400,-0.3125,BALTIMORE,0.239556737,0.432007096,0.120631267,0.072463768
23,44.869565217,17.749018789,-0.086956522,HARROD,0.127448646,0.255689817,0.044718144,0
7,65,22.412793965,0,NEW HOLLAND,0.205463435,0.397142857,0.085714286,0.041666667
34,49.264705882,19.811702730,0.147058824,SHADYSIDE,0.158425065,0.283443519,0.083977441,0.01
308,48.431818182,18.337726387,-0.025974026,MILFORD,0.165189857,0.291847685,0.066900931,0.032132768
25,57.96,19.180024331,-0.08,DILLONVALE,0.230400414,0.392466667,0.134857143,0.059523810
8,55.75,16.420805618,-0.625,JENERA,0.28515625,0.47,0.162500000,0.035714286
53,55.207547170,18.636562999,-0.113207547,OAK HARBOR,0.238038698,0.446394151,0.108607500,0.055555556
1,27,,0,BUFFALO,0,0,0,
1,45,,0,CHRISTIANSBURG,0.015625,0.04,0,0
16,53.25,18.699376104,-0.1875,RICHMOND,0.211523437,0.3625,0.116071429,0.0625
1,29,,0,SPARTA,0,0,0,
12,44.25,16.526150077,0,LEIPSIC,0.151515151,0.280238095,0.074801587,0
20,49.15,18.641422467,-0.15,POMEROY,0.200429643,0.360295455,0.094054834,0.109375
12,44.833333333,13.992422192,0.083333333,NEWBURGH HTS,0.116296708,0.210040545,0.055396401,0.025
9,47.222222222,14.592616093,-0.333333333,VINTON,0.113228346,0.255925926,0.022502334,0
31,53.290322581,19.031891741,-0.064516129,WELLSVILLE,0.204389236,0.371057737,0.099539171,0.064814815
4,55.25,23.767975654,0.5,HOUSTON,0.125,0.24,0.05,0.083333333
31,48.064516129,18.706390145,-0.161290323,BOLIVAR,0.177618586,0.338066693,0.072235023,0.0625
13,45.384615385,24.026160955,0,MANCHESTER,0.112461325,0.237004155,0.026373626,0
1,24,,0,MOUNT VICTORY,0.052631579,0.111111111,0,
2,33,4.242640687,-0.5,MT PLEASANT,0.264297730,0.434659091,0.171515151,0
77,45.181818182,18.594514806,-0.168831169,MINERVA,0.192007098,0.338256355,0.058933083,0.078703704
8,57.625,21.030165409,-0.5,BLUE ROCK,0.250887784,0.53,0.071428571,0
15,57.2,18.303785713,-0.266666667,SENECAVILLE,0.200593109,0.380599681,0.089926152,0.057692308
77,45.545454545,17.651260172,-0.064935065,LOGAN,0.176008516,0.332915037,0.057771672,0.049107143
1,38,,0,SO BLOOMINGVILLE,0.016129032,0.041666667,0,0
1,42,,0,FRIENDSHIP,0.0625,0.16,0,0
592,47.148648649,17.166789985,-0.155405405,FINDLAY,0.146710841,0.256564766,0.071833692,0.040909091
7,62.714285714,7.889112449,0.285714286,JACOBSBURG,0.234375,0.428571429,0.122448980,0
2,43.5,6.363961031,0,WALHONDING,0,0,0,0
3219,44.602982293,18.232874947,0.097545822,TOLEDO,0.133089643,0.251540490,0.049022268,0.024425287
8,51.375,24.313062333,-0.125,BIG PRAIRIE,0.305814914,0.492771739,0.186239496,0.3
6,42.5,20.579115627,0,IRWIN,0.228639069,0.320634921,0,0
12,44.75,20.512191497,-0.333333333,BOTKINS,0.187107308,0.369166667,0.040476191,0
10,48.2,17.980236063,0.2,MILLFIELD,0.172395833,0.339789474,0.066305419,0.071428571
39,47.102564103,16.234782140,-0.025641026,DENNISON,0.208275758,0.381574057,0.100843463,0.017241379
7,35.285714286,19.085022799,0,ATTICA,0.255350673,0.346122449,0.191836735,0.083333333
91,53.472527473,21.024504570,-0.307692308,COLUMBIANA,0.238910204,0.437895811,0.108258603,0.05
3,47,17.088007491,0,PORTLAND,0.086277174,0.194074074,0.019047619,0
88,51.136363636,18.072129949,-0.125,CONNEAUT,0.149905992,0.293915602,0.061663080,0.021739130
30,55.266666667,15.668843087,-0.066666667,MINERAL RIDGE,0.262863659,0.447866282,0.152911256,0.0625
21,50,20.603397778,-0.142857143,PERRYSVILLE,0.226013255,0.375105947,0.090000000,0.071428571
13,49.923076923,18.865583914,-0.076923077,PLEASANTVILLE,0.122091517,0.244122288,0.044410762,0
12,49.833333333,18.867159218,0.083333333,COLLINS,0.140934180,0.314664855,0.030952381,0
9,59.333333333,18.323482202,-0.222222222,SHERWOOD,0.284532073,0.524166667,0.133333333,0.125
3,42,19.078784028,0,FAIRPOINT,0.153438783,0.311322751,0.056349206,0
911,48.013172338,17.702853869,-0.031833150,LOVELAND,0.156854921,0.287166500,0.058465261,0.015357143
15,56.266666667,20.383700304,-0.066666667,GREENWICH,0.242708333,0.420444444,0.136507936,0
49,45.326530612,15.914338078,-0.224489796,MARENGO,0.217677671,0.379725964,0.088081710,0.033783784
5,41.4,18.689569283,-0.4,HOPEWELL,0.233962264,0.439714286,0.094231602,0
52,48.346153846,19.154566972,-0.134615385,BLANCHESTER,0.180461229,0.324088306,0.069106662,0.027027027
2687,46.948641608,16.999747190,-0.008559732,WEST CHESTER,0.112102733,0.220229824,0.032350296,0.034609053
830,50.142168675,18.461946129,0.034939759,NORTH ROYALTON,0.152845546,0.279511448,0.070871858,0.003030303
187,49.673796791,19.543046175,0.208556150,NILES,0.184800417,0.316012491,0.099039930,0.087591241
11,55.272727273,15.792978877,0,LITTLE HOCKING,0.220432551,0.378859036,0.129870130,0.025
45,53.444444444,20.700851493,-0.288888889,DELTA,0.273057498,0.500236652,0.133331742,0.071428571
432,41.960648148,19.517873956,0.122685185,BOWLING GREEN,0.172884490,0.296179338,0.077140846,0.041111111
193,48.367875648,18.224994403,-0.025906736,FREMONT,0.194707368,0.330744617,0.093806274,0.111502347
58,46.913793103,14.074095257,-0.120689655,MONCLOVA,0.114848641,0.239146521,0.034214452,0
5,30.2,10.779610383,0.2,HIGHLAND HILLS,0.242423922,0.293267081,0.014285714,0
121,49.545454545,19.370080020,-0.206611570,GREENVILLE,0.161475293,0.296212668,0.068120549,0.03125
7,44,21.102922388,-0.428571429,SARDIS,0.204057631,0.415952381,0.033133253,0
11,46.181818182,19.513165719,-0.090909091,WATERFORD,0.214230372,0.384588745,0.114529221,0
251,48.362549801,17.724108775,-0.211155378,SIDNEY,0.165955139,0.294433821,0.071261767,0.027923211
1,73,,0,NEW ATHENS,0.03125,0.08,0,0
95,45.652631579,16.964774783,0.073684211,OLMSTED FALLS,0.126740962,0.243227336,0.055193076,0
18,44.444444444,20.135488782,-0.111111111,LYNCHBURG,0.123982162,0.251535088,0.041269841,0
27,49.259259259,20.171557647,-0.185185185,PEMBERVILLE,0.257793559,0.513838918,0.082758621,0.035714286
4,34.25,15.924300089,-0.5,BLOOMINGBURG,0.186500754,0.298662587,0.095238095,0.75
36,48.694444444,17.124451098,0.111111111,ROSEVILLE,0.177965730,0.335297907,0.077007470,0
895,44.627932961,17.219373541,0.015642458,GROVE CITY,0.130535777,0.246622409,0.045650365,0.035235798
132,56.098484848,17.971928853,-0.106060606,VERMILION,0.211894473,0.380392825,0.102305567,0.030973451
5,43.8,18.619881847,-0.2,RARDEN,0.128892544,0.226181818,0.074285714,0
12,47.083333333,18.322655293,-0.083333333,NEW MATAMORAS,0.079730550,0.184583333,0.011904762,0
2,38,21.213203436,-0.5,TREMONT CITY,0.150520834,0.331428571,0.028571428,0
124,51.725806452,19.542465210,-0.209677419,VAN WERT,0.175204386,0.309265309,0.087120864,0.020202020
1,47,,-1,HOLLANSBURG,0.125,0.24,0.057142857,0
24,47.208333333,17.062491705,-0.25,ANNA,0.196157082,0.380693346,0.073881674,0.0375
118,45.635593220,17.802652858,-0.288135593,CLEVES,0.185099427,0.353254494,0.068072982,0.009259259
14,56.714285714,15.944271078,-0.5,RAY,0.228675912,0.464920635,0.086136524,0
1,29,,0,HARVEYSBURG,0.189189189,0.428571429,0.043478261,
722,49.074792244,18.082487878,0.036011080,BROADVIEW HTS,0.154497499,0.273028623,0.063679281,0.002220249
6,48.833333333,14.538454755,-0.666666667,LEWISVILLE,0.285625,0.518787879,0.133333333,0.15
11,41.909090909,14.583926395,-0.090909091,SOUTH BLOOMFIELD,0.126937973,0.244577922,0.053073014,0.035714286
3,49.333333333,19.218047074,0,CLOVERDALE,0.17741578,0.350370370,0.072577997,0
3,32.333333333,13.576941236,0.333333333,WHIPPLE,0.399242424,0.463492063,0.042857143,0
30,46.4,19.508795541,-0.033333333,APPLE CREEK,0.154694223,0.314933622,0.037142857,0.025
14,40.142857143,10.988505483,-0.285714286,NORTH LEWISBURG,0.118579347,0.23999667,0.045854592,0
4,44.5,21.142374512,0,NEW WESTON,0.171299342,0.374480519,0.039285714,0
24,51.125,18.972090486,-0.125,GREENFIELD,0.188901991,0.378284161,0.063095238,0.0875
22,43.409090909,14.490256467,0.045454545,BROOKLYN HTS,0.130052761,0.212561983,0.033279736,0
7,46.857142857,15.582346544,-0.285714286,ROGERS,0.113952551,0.252746070,0.028818800,0
129,50.062015504,18.477076988,-0.124031008,GRAFTON,0.218518341,0.391483830,0.081252100,0.020408163
5,67.4,18.528356646,0.2,BERGHOLZ,0.203125,0.344,0.114285714,0.1
31,46.225806452,20.134066781,0.258064516,THE PLAINS,0.229404958,0.415941711,0.107882574,0.052631579
72,50.222222222,18.427033281,0.041666667,NORTHWOOD,0.169850596,0.324530610,0.057875209,0.013392857
18,49.222222222,19.794697910,-0.277777778,REEDSVILLE,0.228784722,0.432211590,0.095502645,0.125
10,53.2,15.774804102,0,BERKEY,0.4078125,0.516,0.088888889,0.027777778
41,52.585365854,18.462090361,0.048780488,UHRICHSVILLE,0.204040922,0.369572281,0.101880081,0.044117647
80,48.525,16.305605932,0.075,AUBURN TWP,0.188096161,0.343939733,0.083912861,0.0546875
177,48.830508475,17.632117398,-0.152542373,LONDON,0.191070982,0.333537300,0.088192531,0.132692308
3,53.666666667,11.930353445,0.666666667,CAMP DENNISON,0.135416667,0.28,0.047619048,0
50,51.18,19.451341699,-0.02,RITTMAN,0.145475662,0.282337602,0.060601743,0.013513514
15,51.866666667,20.258566677,-0.266666667,NEGLEY,0.131547619,0.246666667,0.057142857,0
51,47.431372549,18.203576464,-0.176470588,WELLSTON,0.190735981,0.320507831,0.088525780,0.073529412
26,46.692307692,15.645495788,-0.192307692,MONROEVILLE,0.176667190,0.310152007,0.094677198,0.065789474
7,57.714285714,14.488090347,0.142857143,HOMERVILLE,0.214357719,0.394523810,0.085714286,0.214285714
9,54.888888889,8.852181150,0.111111111,STRYKER,0.263888889,0.493333333,0.130158730,0
3,54,4.582575695,0,HOLMESVILLE,0.052083333,0.093333333,0.028571429,0
8,49.25,18.706377828,0.25,TIPPECANOE,0.12890625,0.25,0.057142857,0
29,47.793103448,18.109546240,-0.310344828,FRAZEYSBURG,0.198436472,0.356090526,0.070002723,0.032608696
62,46.935483871,17.292916173,-0.145161290,ASHVILLE,0.180740933,0.352396243,0.053860968,0.029629630
5,55.4,7.635443668,0.6,EAST ROCHESTER,0.20625,0.4,0.062857143,0.25
30,46.333333333,15.412340182,-0.233333333,WINCHESTER,0.137125027,0.260750562,0.063845889,0
12,58.5,21.398810502,-0.333333333,NEW WASHINGTON,0.259493371,0.506839200,0.096187850,0.159090909
537,45.474860335,19.269200088,-0.046554935,FAIRBORN,0.112763860,0.208998183,0.041381052,0.009365994
33,51,17.089836161,-0.181818182,JAMESTOWN,0.175153831,0.333827509,0.076334776,0.038461538
15,46,18.295198433,-0.4,MIDDLE POINT,0.235269608,0.406333333,0.060487528,0
7,51.428571429,17.290239471,0,PORTAGE,0.136585884,0.268214286,0.05855573,0
84,51.892857143,19.616822052,0.142857143,STRUTHERS,0.187575609,0.317341612,0.104734059,0.055970149
170,46.252941176,17.417281007,-0.164705882,CANAL FULTON,0.195337378,0.345615001,0.078573395,0.039713542
20,42.7,15.593858440,-0.15,MECHANICSBURG,0.250844208,0.442880952,0.118842340,0.016666667
45,57.288888889,21.488498215,-0.222222222,BLOOMINGDALE,0.326616636,0.530771605,0.185330688,0.194444444
47,48.978723404,19.587584091,-0.319148936,GERMANTOWN,0.305056991,0.462456480,0.150943479,0.0625
83,53.168674699,19.663522795,-0.216867470,CARROLLTON,0.250664249,0.466884158,0.109668911,0
332,,,0,,,,,
72,51.333333333,21.108038653,0,DOYLESTOWN,0.240356583,0.427896860,0.090977305,0.098214286
12,50,19.493588690,0,BUCKEYE LAKE,0.083333333,0.166666667,0.028571429,0.0625
45,38.711111111,15.351372788,0.111111111,NELSONVILLE,0.181983270,0.345434759,0.070232200,0.02
1,66,,0,LEMOYNE,0.078125,0.16,0.028571429,0
26,54.230769231,23.336336803,-0.307692308,NEW CONCORD,0.230141715,0.399000166,0.125679945,0.071428571
106,47.632075472,18.460937123,-0.207547170,ORRVILLE,0.170625708,0.297007905,0.070025120,0.053797468
13,64.769230769,16.976227723,-0.076923077,HOPEDALE,0.252804487,0.525,0.082417583,0
40,43.175,16.007830616,0,ALBANY,0.160387009,0.306820562,0.067967424,0.019444444
6,57.833333333,19.853631070,-0.166666667,MCCUTCHENVILLE,0.284256649,0.494242424,0.166666667,0
21,52.047619048,19.048559501,0.142857143,ANTWERP,0.215361421,0.414784580,0.087755102,0
1,77,,1,LACARNE,0.21875,0.4,0.114285714,0
5855,40.603928266,17.936695945,0.122117848,CLEVELAND,0.100469628,0.190311067,0.032995818,0.001965409
7,46.714285714,18.891923192,-0.571428571,FT JENNINGS,0.305999373,0.551063373,0.156450856,0.0625
155,49.696774194,19.373423419,-0.109677419,NEW PHILADELPHIA-DOVER,0.191469078,0.347861692,0.079402323,0.027777778
4,56.75,13.149778198,-0.25,NEW PLYMOUTH,0.23828125,0.46,0.1,0.0625
3,67.333333333,18.583146486,0,ZOAR,0.197916667,0.44,0.047619048,0
13,47.538461538,16.641391091,-0.153846154,WESTFIELD CENTER,0.215396017,0.324273504,0.066666667,0.15
1,31,,-1,LAFFERTY,0.108695652,0.166666667,0.071428571,
30,53.633333333,18.981812227,-0.033333333,WAKEMAN,0.214474206,0.394074074,0.102105933,0.0625
2,69,2.828427125,-1,MIDDLEBRANCH,0.59375,0.86,0.414285715,0.5
27,50.703703704,18.142204969,-0.185185185,STRASBURG,0.217348337,0.410493827,0.095428609,0
18,45.222222222,18.154745144,-0.111111111,GRAYTOWN,0.165569243,0.309125465,0.074470899,0.020833333
44,50.568181818,17.136114085,0.045454545,MINGO JCT,0.224567050,0.372035465,0.133954695,0.080882353
41,50.170731707,21.126881501,-0.024390244,BARNESVILLE,0.209951616,0.385553824,0.075503924,0.011904762
16,39.875,9.646242792,0.0625,LITHOPOLIS,0.083122780,0.166841251,0.030930398,0.022727273
11,44.909090909,25.069720962,-0.363636364,KINGSVILLE,0.179159977,0.337659852,0.076190476,0.05
5,46,17.958284996,0,HELENA,0.115625,0.232,0.04,0.0625
70,54,16.852299546,-0.228571429,VALLEY CITY,0.190841904,0.349007185,0.088095905,0.061475410
35,50.828571429,16.484369984,-0.114285714,NEWBURY,0.222907473,0.374929607,0.127212740,0.112068966
8,37.875,14.923016738,-0.25,NEW BLOOMINGTON,0.230282738,0.438125,0.095467033,0.0625
82,50.621951220,19.557853554,0.024390244,MAYFIELD VILLAGE,0.137968432,0.273437961,0.052735237,0
4,45,23.094010768,-0.5,LANSING,0.185801631,0.38,0.064285714,0
6,49.333333333,24.565558546,-0.166666667,FAYETTE,0.198090278,0.400579710,0.033333333,0.125
3,44,22.912878475,-0.333333333,TONTOGANY,0.182291667,0.333333333,0.085714286,0.125
461,49.279826464,17.896253093,-0.017353579,NORTHFIELD,0.120976621,0.238642365,0.046007033,0.006355932
282,51.361702128,20.094359824,0.092198582,RICHMOND HTS,0.133715156,0.251238736,0.049210136,0.001190476
2,38.5,2.121320344,0,VAUGHNSVILLE,0.119877049,0.305833333,0,0
7,35.142857143,7.537209285,0.142857143,MT BLANCHARD,0.185431911,0.338285893,0.097583841,0
33,49.030303030,20.512930142,-0.121212121,CARROLL,0.248583460,0.433294651,0.118853306,0.239583333
2,38.5,21.920310217,-0.5,CHATFIELD,0.171875,0.34,0.071428571,0
30,55.733333333,20.185234162,-0.166666667,DIAMOND,0.189601371,0.343326007,0.093663004,0.072916667
6,47.666666667,14.486775579,-0.166666667,RUTLAND,0.197916667,0.373333333,0.090476190,0.05
87,44.264367816,17.837418059,-0.034482759,COSHOCTON,0.136972399,0.246488341,0.052891955,0.008474576
80,54.275,20.126797427,-0.0375,MT GILEAD,0.291106857,0.487973414,0.160894163,0.031746032
34,48.058823529,15.201557290,0,LAGRANGE,0.188650562,0.343435829,0.092169736,0.046296296
11,54.545454545,17.778434331,-0.636363636,GLENMONT,0.525184275,0.752727273,0.315776397,0.361111111
215,48.093023256,17.091854585,0.051162791,GROVEPORT,0.142493435,0.250450680,0.062247785,0.026234568
212,47.561320755,20.084442923,-0.113207547,STEUBENVILLE,0.177965061,0.314631590,0.084411977,0.081034483
142,48.985915493,19.215089341,-0.147887324,LOUISVILLE,0.252471242,0.419254853,0.124257115,0.083333333
7,48.714285714,17.394580437,-0.285714286,RAWSON,0.155414747,0.292619048,0.061344538,0.083333333
13,56.384615385,20.826819494,-0.230769231,SMITHFIELD,0.182291667,0.302692308,0.109890110,0.045454545
8,52.375,19.360766661,0.125,YORKVILLE,0.089196162,0.181780303,0.032142857,0
1,41,,1,DUNBRIDGE,0.25,0.52,0.085714286,0
2,51.5,31.819805153,-0.5,MECHANICSTOWN,0.170454545,0.355384616,0.057142857,0
154,48.928571429,17.411628277,-0.051948052,RICHFIELD,0.164690682,0.307545153,0.049684525,0.010504202
313,50.520766773,19.577599953,0.102236422,AUSTINTOWN,0.215733343,0.382202071,0.103601074,0.010233918
498,43.403614458,13.028978188,0.018072289,PLAIN CITY,0.128040461,0.238436593,0.038057948,0.014430894
33,52.393939394,18.484688586,-0.181818182,FRANKFORT,0.196433728,0.366647427,0.071293290,0.064814815
5,55,24.124676164,0.6,NEW MARSHFIELD,0.35,0.64,0.142857143,0
15,62.733333333,21.288718228,-0.133333333,DELLROY,0.236046112,0.437584046,0.116246499,0.020833333
86,49.848837209,17.286865086,-0.116279070,GALION,0.186041002,0.314402277,0.088911383,0.136029412
891,44.692480359,16.712430267,0.278338945,SHAKER HTS,0.161804178,0.273245937,0.069149993,0.001190476
52,48.75,17.023484356,0.038461538,THORNVILLE,0.174615969,0.326589534,0.056990069,0.029069767
430,50.613953488,18.147152729,-0.053488372,BRECKSVILLE,0.163792549,0.304669215,0.070495865,0.010174419
17,42.411764706,11.900939162,-0.235294118,WOODVILLE,0.171952109,0.313168108,0.089279348,0
601,47.402662230,16.478094335,-0.044925125,SPRINGBORO,0.150281843,0.269364687,0.054265105,0.044117647
65,44.938461538,14.655285867,-0.046153846,GLENWILLOW,0.064680885,0.122602538,0.021269841,0
4,46.75,30.890937182,0,OBETZ,0.213543758,0.387113095,0.105357143,0.25
1,62,,0,OLD WASHINGTON,0,0,0,0
15,44.933333333,17.596536456,-0.066666667,MT VICTORY,0.096749687,0.204700855,0.021106337,0
424,50.313679245,19.183774706,-0.002358491,CANFIELD,0.181126054,0.330353415,0.075478265,0.006191950
17,56.647058824,19.235192930,0,DESHLER,0.210187693,0.359495798,0.115966387,0.125
8,54.625,17.229024514,0.125,GROVER HILL,0.149290589,0.277260766,0.071428571,0.035714286
50,44.94,17.114750769,-0.3,BETHEL,0.165202957,0.300291775,0.058725925,0
46,54.913043478,17.356172244,-0.695652174,EDON,0.305112151,0.543574160,0.165673276,0.006410256
2,54,21.213203436,0,CUSTAR,0.0546875,0.14,0,0
155,48.529032258,17.918759551,-0.032258065,FOSTORIA,0.153184871,0.288665910,0.060604043,0.027083333
130,54.538461538,19.923556953,-0.192307692,BRYAN,0.192973406,0.343784521,0.092675390,0.045673077
7,51.857142857,14.380873541,0,RAYMOND,0.183717237,0.362857143,0.075039246,0
151,48.139072848,16.966256603,-0.225165563,HARRISON,0.150498982,0.305593517,0.052024600,0.008264463
1,45,,0,PETTISVILLE,0.109375,0.28,0,0
155,53.812903226,18.876834940,-0.303225806,CHESTERLAND,0.237769829,0.425462750,0.119424731,0.079457364
13,46.692307692,19.357963974,-0.461538462,REPUBLIC,0.248841783,0.457236097,0.094505495,0.21875
153,51.352941176,17.612596639,0.084967320,MORELAND HILLS,0.148830994,0.285970030,0.049179275,0
2,37.5,2.121320344,0,W LEIPSIC,0.024761652,0.063478261,0,0
149,49.624161074,17.593563208,-0.248322148,CELINA,0.194048297,0.346068387,0.089748611,0.099576271
32,59.5625,22.027750094,0,GENOA,0.231617424,0.443770292,0.097781385,0.009259259
15,42.333333333,13.952299691,-0.133333333,SOMERVILLE,0.339746443,0.455576313,0.101886634,0
19,53.315789474,15.308141013,-0.263157895,BREMEN,0.255311955,0.452310146,0.128714835,0.143518518
54,54.814814815,18.502497612,-0.444444444,FT RECOVERY,0.249111124,0.496052238,0.093273734,0
23,52.782608696,18.983142095,-0.217391304,BUTLER,0.216394296,0.423007246,0.081987578,0.052631579
2,81,2.828427125,-0.5,WALNUT CREEK,0.2578125,0.46,0.142857143,0
9,68.111111111,16.751451015,0.444444444,HAVILAND,0.319772898,0.579365079,0.168253968,0.03125
19,44.684210526,18.147704573,-0.210526316,MARSHALLVILLE,0.246527778,0.424912281,0.073313492,0
1,55,,0,HAYESVILLE,0.203125,0.48,0.028571429,0
14,57.285714286,19.164986389,-0.142857143,SYCAMORE,0.256101191,0.463726708,0.133073229,0.041666667
558,44.154121864,19.031616212,0.127240143,KENT,0.154214268,0.277474839,0.067750478,0.045279383
181,50.817679558,19.586132201,-0.082872928,ST CLAIRSVILLE,0.145111351,0.277991299,0.056356929,0.043706294
12,41.083333333,18.802602979,-0.416666667,ARCADIA,0.277893094,0.389537037,0.138946111,0.071428571
13,44,13.235054464,-0.076923077,JEWETT,0.248458457,0.499169644,0.096365173,0
6,68,4.647580015,-0.666666667,COLLEGE CORNER,0.380208333,0.66,0.219047619,0.041666667
8,43.25,16.568041526,-0.625,RADNOR,0.318779904,0.580319549,0.150128284,0.25
1368,49.804093567,19.657817048,0.013157895,CANTON,0.174879981,0.316359854,0.076443157,0.050460224
160,51.6625,19.124184531,-0.20625,CAMBRIDGE,0.190077111,0.346959979,0.074365803,0.025793651
2,59,12.727922061,-1,NEW MADISON,0.3359375,0.68,0.128571429,0
9,46.111111111,15.870132675,-0.111111111,FRANKLIN FURNACE,0.132523148,0.264615385,0.049206349,0
1,78,,-1,MAPLEWOOD,0.5,0.8,0.342857143,0
61,50.409836066,19.679411449,0.163934426,CAMPBELL,0.182975683,0.332182435,0.088694912,0.054347826
6,67.666666667,25.602083249,-0.166666667,VERSAILLES,0.361979167,0.556666667,0.226190476,0.3
36,55.277777778,21.508285594,-0.361111111,LEWISBURG,0.202608934,0.375517307,0.096705147,0
687,49.633187773,17.698048982,-0.007278020,BRUNSWICK,0.164712411,0.290018593,0.078659979,0.027474196
13,50.846153846,18.160608258,-0.307692308,CROTON,0.207917430,0.383931624,0.105494505,0
6,68.5,9.974968672,0,GRAND RIVER,0.325520833,0.593333333,0.161904762,0.083333333
4,58,6.271629241,-0.25,KIRKERSVILLE,0.18359375,0.31,0.107142857,0.0625
243,53.308641975,20.027032542,0.131687243,ASHTABULA,0.191336893,0.330180981,0.098642886,0.051813472
2,45,4.242640687,-0.5,MILLER CITY,0.140625,0.32,0.028571428,0
3,55.666666667,9.018499506,-0.666666667,CHAGRIN FALLS TWP,0.145833333,0.28,0.066666667,0
8,47.875,22.002840726,-0.25,BREWSTER,0.277003705,0.514307359,0.120021645,0.083333333
21,47.571428571,17.797672400,-0.047619048,BRILLIANT,0.164732837,0.303706294,0.082142857,0
8,47.125,9.642724867,-0.375,CABLE,0.174609375,0.322777778,0.085714286,0
19,55.315789474,13.383458412,-0.315789474,CALEDONIA,0.219742514,0.430047847,0.094736842,0
7,56.285714286,17.913814834,-0.571428571,LUDLOW FALLS,0.389030612,0.689047619,0.200765306,0.125
16,53.8125,24.631196344,-0.0625,BELOIT,0.199165483,0.356309524,0.108630952,0
1,50,,0,NASHVILLE,0.203125,0.44,0.057142857,0
331,54.697885196,19.006361656,0.123867069,POLAND,0.249510626,0.422699555,0.136394284,0.013489209
3,38.666666667,23.692474192,0,MCGUFFEY,0.128464912,0.261414141,0.028571429,0
66,42.030303030,17.326697672,-0.030303030,ADA,0.144996864,0.267867653,0.043622309,0.075
6,59.5,21.097393204,0,CUYAHOGA HTS,0.208333333,0.366666667,0.114285714,0.05
1,34,,0,JERRY CITY,0.169811321,0.35,0.0625,0
12,59.75,14.943073798,0,PIEDMONT,0.234068627,0.420416667,0.123809524,0.022727273
18,41.777777778,16.909988540,0,GNADENHUTTEN,0.190879392,0.358946573,0.077711704,0.104166667
5,50.4,21.078424989,-0.6,LAKE WAYNOKA,0.346875,0.472,0.085714286,0.0625
367,50.376021798,19.210091624,-0.079019074,MARION,0.149837192,0.284909486,0.060256291,0.008865248
62,49.338709677,18.694211911,-0.225806452,WAUSEON,0.168762157,0.297381230,0.067766924,0.032608696
3,76.333333333,2.516611478,1,METAMORA,0.427083333,0.72,0.238095238,0.25
2202,45.334241599,16.933523152,-0.040417802,HAMILTON,0.105170110,0.204924457,0.031415815,0.019699812
1254,44.177033493,17.245532139,-0.009569378,FAIRFIELD,0.074611520,0.154019942,0.019296978,0.016156463
28,48.178571429,21.802231574,0,BRADFORD,0.155942211,0.282549236,0.075510204,0.055555556
1,60,,1,STRATTON,0.453125,0.68,0.342857143,0
6,55,20.765355764,-0.166666667,VANLUE,0.208512759,0.383174603,0.106597222,0
24,49.625,17.289887721,-0.416666667,CARLISLE,0.202048781,0.346909113,0.097949736,0.065789474
34,50.794117647,16.723743621,-0.264705882,SOUTH CHARLESTON,0.273584803,0.487007469,0.141201186,0.064814815
2,60,53.740115370,0,MAGNETIC SPRINGS,0,0,0,0
9,44.666666667,21.195518394,-0.222222222,MCCLURE,0.277976190,0.425608466,0.082359307,0.035714286
2,34,14.142135624,-0.5,SCOTTOWN,0.15625,0.36,0.028571428,0
3,48.666666667,25.324559884,0,BALTIC,0.188125,0.380606061,0.066666667,0
1,92,,1,NEW HAVEN,0.484375,0.68,0.4,0
355,48.250704225,18.891205568,0.039436620,HOLLAND,0.146145766,0.285576019,0.044547294,0.018924303
5,42.6,20.107212636,-0.4,RUSHSYLVANIA,0.135681818,0.219047619,0.070178571,0
19,51.315789474,21.213341273,-0.421052632,AUSTINBURG,0.203590320,0.371695395,0.093422868,0.057692308
16,48.25,20.094775440,-0.0625,SABINA,0.150290865,0.268072917,0.070833333,0.068181818
8,48.75,16.015617378,-0.25,TIRO,0.195572917,0.420434783,0.053676471,0.035714286
16,46.8125,17.989696125,-0.5,PAYNE,0.198821605,0.376833194,0.086804097,0
167,50.904191617,19.939436474,0.023952096,WICKLIFFE,0.170667690,0.326885973,0.060988666,0.08984375
623,47.804173355,17.151495822,0.003210273,AVON,0.140171228,0.269108273,0.047308015,0.017171717
32,53.5625,15.951413124,-0.28125,CASTALIA,0.289689851,0.504944196,0.129604322,0.074074074
10,47.6,18.246460844,-0.1,VICKERY,0.229081349,0.391705628,0.02875817,0
2,93,0,-1,BUCKLAND,0.46875,0.68,0.342857143,0.25
549,46.748633880,19.213044510,0.205828780,YOUNGSTOWN,0.158191167,0.275938979,0.081900872,0.036745407
9,48.888888889,15.406528198,0.111111111,SCOTT,0.132691421,0.273820817,0.047916667,0
4,58,22.803508502,-0.5,JACKSON CENTER,0.2578125,0.5,0.100000000,0.166666667
64,50.6875,19.645165809,-0.109375,GEORGETOWN,0.235578013,0.421574242,0.074303811,0.010638298
25,49.68,17.969232965,-0.24,LITCHFIELD,0.238094026,0.390478322,0.106998848,0.083333333
17,42.470588235,13.816284084,-0.352941176,WASHINGTONVILLE,0.159691319,0.288907563,0.074789916,0
32,49.28125,16.706642247,-0.78125,CROWN CITY,0.284233570,0.534151508,0.133931629,0
28,52.178571429,21.597416806,-0.357142857,LEROY,0.280912825,0.446155372,0.118391548,0.047619048
363,46.391184573,17.211268616,-0.137741047,LEBANON,0.175941751,0.308836618,0.076670194,0.047619048
9,44.555555556,12.258783699,0.111111111,BRADNER,0.115046296,0.233768116,0.038095238,0
39,58.487179487,20.559121160,-0.358974359,WALTON HILLS,0.262736787,0.455994054,0.143589744,0
14,50.785714286,21.035422767,-0.357142857,ASHLEY,0.194128961,0.338435374,0.108410637,0.045454545
41,51.780487805,18.660804103,-0.121951220,WILLIAMSBURG,0.219332757,0.410723049,0.096421990,0.030303030
6,40.833333333,10.703581955,-0.166666667,PORT JEFFERSON,0.099479167,0.205925926,0.024675325,0
21,47.190476190,19.953994707,-0.095238095,WESTON,0.176196809,0.316608187,0.087787299,0.096153846
15,52.933333333,19.016784566,0,GREEN SPRINGS,0.332291667,0.554666667,0.191428571,0.104166667
70,49.271428571,18.578405283,-0.2,NEW RICHMOND,0.157360296,0.309068007,0.062994058,0.009433962
30,46.166666667,15.058697414,-0.466666667,GRAND RAPIDS,0.260536612,0.452844720,0.112643678,0.043478261
78,50.858974359,18.357718472,-0.089743590,SWANTON,0.200603232,0.366910867,0.094250970,0.061475410
6,51.166666667,15.263245614,0.5,NEW STRAITSVILLE,0.168448465,0.305238095,0.090476190,0
91,51.208791209,18.288136096,-0.032967033,MOGADORE,0.213567947,0.386835199,0.107215246,0.024305556
12,55,17.842747444,-0.25,PITSBURG,0.21875,0.41,0.107142857,0
19,53.315789474,17.136875871,0.052631579,WINDSOR,0.253980983,0.475784157,0.116940933,0.033333333
19,48.947368421,20.948279389,-0.421052632,BERLIN HEIGHTS,0.220031269,0.364399460,0.134116541,0.057692308
145,53.510344828,18.965288922,0.179310345,HUBBARD,0.242931480,0.405115610,0.131051933,0.142241379
11,64.454545455,15.095453861,-0.363636364,PIERPONT,0.273136556,0.474150198,0.154978355,0.045454545
4,54.75,16.839932700,0.75,BURGHILL,0.2109375,0.4,0.1,0
30,51.966666667,17.495779458,0.066666667,FAIRPORT HARBOR,0.190861514,0.356798246,0.070380195,0.15
4,42,16.673332001,-0.75,BEAVERDAM,0.249455170,0.477951128,0.114583333,0
1,69,,1,LIMAVILLE,0.5,0.84,0.285714286,0.25
27,46.037037037,15.430941647,-0.111111111,ROCK CREEK,0.184389763,0.339118166,0.083930163,0.034090909
2,41.5,14.849242405,0.5,BLOOMDALE,0.125744048,0.29375,0.019230769,0
1,23,,-1,RIDGEVILLE CORNERS,0.266666667,0.428571429,0.125,
91,48.505494505,18.721570225,-0.054945055,SOUTH POINT,0.128296738,0.256850294,0.047850218,0
25,50.52,17.800093633,0,CRESTON,0.090048321,0.219281551,0.008000000,0
44,58.295454545,19.238502511,0.045454545,SILVER LAKE,0.222568227,0.413328286,0.102145693,0.025641026
2,34,2.828427125,0.5,CATAWBA,0.100574713,0.206937799,0.032392895,0
500,47.768,18.829319226,-0.142,ZANESVILLE,0.184767027,0.335690694,0.074447021,0.005617978
15,45.866666667,13.458224605,0.133333333,COOLVILLE,0.126407340,0.255301170,0.044597701,0.025
1,80,,1,OTTOVILLE,0.4375,0.84,0.2,0
3,40.333333333,14.364307618,0.333333333,CECIL,0.083333333,0.133333333,0.057142857,0
509,49.092337917,18.888851236,0.043222004,ELYRIA,0.166698226,0.298582031,0.078528662,0.066710993
7,66,22.752289262,-0.285714286,CASSTOWN,0.332857143,0.582556391,0.192517007,0
41,47.780487805,19.152691972,-0.024390244,MCARTHUR,0.165555016,0.340673209,0.055171840,0
14,64.071428571,18.561599258,-0.071428571,BOWERSTON,0.397321429,0.548571429,0.129670330,0.038461538
54,49.296296296,17.638540167,-0.018518519,ATWATER,0.261978492,0.443576362,0.116955480,0.036585366
146,49.445205479,17.249500071,-0.061643836,HINCKLEY,0.176237736,0.331508068,0.066485454,0.049180328
13,46.076923077,19.504108706,-0.153846154,PLEASANT HILL,0.254459079,0.426565657,0.153675918,0.03125
2,39,2.828427125,0,MIDDLEBURG,0.144270834,0.372173913,0,0
23,47.478260870,19.901734884,0.043478261,BAINBRIDGE,0.164582339,0.286915741,0.039285714,0.088235294
50,47.28,19.667688201,-0.06,BELPRE,0.143292599,0.261112626,0.069783550,0.029411765
332,48.984939759,18.033614526,0.126506024,LYNDHURST,0.131869884,0.256779684,0.053503557,0.003891051
21,62.857142857,19.923066316,-0.238095238,UNION CITY,0.293865196,0.526753247,0.153741497,0.065789474
215,48.037209302,18.468677997,-0.167441860,MOUNT VERNON,0.158653331,0.277208028,0.072839786,0.007961783
2,50,7.071067812,0,BENTON RIDGE,0.109375,0.26,0.014285714,0
12,63.5,13.601470509,-0.333333333,ROCKBRIDGE,0.252604167,0.467142857,0.123953824,0.041666667
11,50.363636364,23.070642502,0.363636364,LINDSEY,0.18675877,0.355329232,0.080952381,0.0625
51,53.352941176,17.908460045,-0.235294118,DALTON,0.267355855,0.445893720,0.138981352,0.077380952
573,46.129144852,17.176502656,0.146596859,BEACHWOOD,0.115130649,0.206014404,0.039217241,0.003393665
12,47.75,14.985599148,-0.083333333,WAYNE,0.189385208,0.395732387,0.062210078,0
17,44.764705882,16.603950628,0.058823529,FELICITY,0.146433824,0.314607619,0.038515406,0
18,56.444444444,13.844609154,-0.333333333,HOLGATE,0.190283764,0.344629630,0.100000000,0.014705882
241,49.236514523,18.016372030,-0.062240664,BAY VILLAGE,0.214063780,0.390470631,0.089140345,0.009909910
21,49.571428571,18.117868055,0.190476190,MASURY,0.135250272,0.252515705,0.064594929,0
14,41.142857143,18.538347544,-0.142857143,DEERFIELD,0.124634297,0.241388889,0.053767959,0
396,49.984848485,19.298580593,-0.098484848,LANCASTER,0.180979828,0.325050645,0.078121486,0.148911798
1,60,,0,SHAWNEE,0.046875,0.12,0,0
9,42.555555556,22.040367006,0.111111111,FORT LORAMIE,0.204854855,0.441587302,0.028571429,0.0625
7,34.714285714,11.700630834,-0.571428571,RUSSELLVILLE,0.207119361,0.391459493,0.092563389,0
30,49.8,20.045465563,-0.3,COLDWATER,0.279388794,0.512107730,0.108992051,0
5,46.6,9.528903400,-0.4,CHESTERHILL,0.211441546,0.419695652,0.086228673,0
1358,44.743004418,15.625105654,0.027245950,NEW ALBANY,0.141357438,0.261842260,0.034859441,0.023716699
10,53.1,18.441800346,-0.3,MARTINSVILLE,0.200421082,0.392692308,0.082857143,0.03125
108,48.212962963,17.373333808,0.046296296,MORAINE,0.097262244,0.192349126,0.035588360,0.0125
17,56.529411765,17.948250775,-0.294117647,ROME,0.211702737,0.390259104,0.103116246,0.05
10,53.1,21.885814787,-0.2,QUAKER CITY,0.221314484,0.425357143,0.091428571,0
11,47.545454545,18.123816576,-0.727272727,NEW RIEGEL,0.241864460,0.475101010,0.093506494,0.0625
23,49.130434783,14.514269931,-0.260869565,MINSTER,0.181066443,0.362130218,0.065699618,0.073529412
14,46.571428571,12.768436358,0.142857143,SHERRODSVILLE,0.191571842,0.376428571,0.079783163,0
45,53.844444444,18.397079259,0,RAYLAND,0.236378556,0.401070793,0.140708453,0.025
31,55.419354839,18.172826222,-0.290322581,HOWARD,0.151110567,0.292375367,0.064570344,0.019230769
186,48.629032258,18.102919464,-0.188172043,BELLBROOK,0.203478126,0.340758497,0.101252642,0.047535211
13,49.692307692,11.145885754,-0.153846154,BENTLEYVILLE,0.066596780,0.146207126,0.017582418,0
62,52.467741935,20.177668017,-0.064516129,NOVELTY,0.240552877,0.416154534,0.113047910,0.069148936
2,31,8.485281374,0,MALINTA,0.116666667,0.207729468,0.060160428,0
4,30,11.430952133,0,ADAMSVILLE,0.067795139,0.16625,0,0
141,48.496453901,17.441176285,-0.177304965,URBANA,0.205439236,0.346844532,0.092701054,0.033185841
12,54.75,25.338167402,0.5,ADENA,0.320674577,0.514583333,0.128860029,0
9,41.222222222,18.653269002,-0.111111111,KENSINGTON,0.134208925,0.268763829,0.045406315,0
32,53.0625,22.086249554,0.03125,NORTH LIMA,0.237364037,0.378628472,0.095238095,0.020833333
5,68.4,12.381437719,0,FLETCHER,0.24375,0.48,0.102857143,0
1,26,,0,EMPIRE,0,0,0,
2,23.5,2.121320344,0,VENEDOCIA,0.093167702,0.192857143,0,
70,54.4,18.959453303,-0.214285714,PERRY,0.200543465,0.370373222,0.081269029,0.036885246
10,58.4,19.597051932,-0.1,HANOVERTON,0.248525884,0.461142857,0.115892857,0.027777778
215,52.125581395,19.513667545,0.125581395,BARBERTON,0.187846418,0.326611081,0.086581167,0.165229885
1,65,,0,BELLE VALLEY,0.21875,0.4,0.114285714,0
1117,43.396598030,16.518896182,0.023276634,PICKERINGTON,0.115936528,0.211472983,0.039100203,0.022490222
26,53.615384615,18.819302693,-0.230769231,ARCHBOLD,0.188508760,0.333921869,0.083879185,0.011904762
7,51.142857143,12.667919738,-0.142857143,FLEMING,0.112703634,0.243116883,0.032653061,0
5,67,21.365860619,-0.4,NORTH KINGSVILLE,0.154779412,0.322,0.046666667,0.05
4,47.75,9.251126058,0,MIDVALE,0.095028409,0.193809524,0.028571429,0.0625
149,51.852348993,18.908162058,-0.127516779,INDEPENDENCE,0.191173309,0.347810297,0.086350477,0.075
1,27,,0,SEDALIA,0.285714286,0.583333333,0.0625,
316,50.939873418,19.406909062,-0.028481013,MIDDLEBURG HTS,0.152620370,0.288714603,0.059510887,0.031120332
32,47.5,20.117397382,-0.15625,BELMONT,0.131776694,0.263436824,0.045870536,0.022727273
11,45.636363636,16.842046950,0.181818182,NORTH BENTON,0.176704545,0.301212121,0.093112948,0.09375
9,45.111111111,20.636402572,-0.222222222,PATRIOT,0.178468757,0.369814815,0.055135387,0
106,42.594339623,19.085660687,-0.056603774,RIVERSIDE,0.108755020,0.204894126,0.037524849,0.012711864
1,30,,0,CARBON HILL,0,0,0,
10,42.6,16.547574512,-0.1,SCIO,0.127740422,0.276365942,0.031601732,0
5,52.2,11.031772296,0,KALIDA,0.183297414,0.381090909,0.064242424,0
16,54.8125,18.465169915,0.125,LUCAS,0.225572237,0.414895833,0.111293828,0.038461538
38,45.947368421,19.845276337,-0.315789474,COLUMBUS GROVE,0.302078952,0.482080200,0.116747122,0.06
68,49.485294118,17.810354733,-0.294117647,PEEBLES,0.163323858,0.330180564,0.057758168,0.004716981
62,51.387096774,15.707735213,-0.129032258,ORIENT,0.141393969,0.274848536,0.057801572,0.027272727
59,45.338983051,17.140001780,-0.237288136,GARRETTSVILLE,0.224818890,0.404808011,0.073334465,0.041666667
85,48.505882353,18.868986604,0.035294118,NAPOLEON,0.147143062,0.266563092,0.062255405,0.011904762
45,51.377777778,18.844204425,-0.044444444,OAKWOOD,0.205763984,0.390366307,0.097057630,0
2,32,2.828427125,0,MOWRYSTOWN,0.049930971,0.13125,0,0
7,52.714285714,17.528208558,-0.142857143,LONG BOTTOM,0.125,0.257142857,0.040816327,0.041666667
209,47.334928230,18.446199711,-0.038277512,DEFIANCE,0.182927684,0.330949041,0.081882588,0.039473684
43,53.860465116,17.358381255,-0.232558140,WEST SALEM,0.150403055,0.299482126,0.056958256,0.027027027
2,74,5.656854249,-1,BELLECENTER,0.515625,0.78,0.357142857,0.25
333,47.975975976,17.627658973,0.075075075,STREETSBORO,0.126426757,0.239452150,0.049242303,0.053763441
26,41.769230769,15.129594026,-0.230769231,DRESDEN,0.224839855,0.339742518,0.055629651,0
136,47.117647059,19.197630573,-0.051470588,NORWALK,0.180212593,0.328711750,0.076130819,0.0234375
20,49.3,16.118312567,-0.15,MAGNOLIA,0.179734225,0.383622294,0.051663844,0.014705882
43,52,18.491954492,-0.418604651,BURTON,0.263508471,0.472934481,0.127479301,0.131313131
111,42.180180180,18.316012963,0.261261261,TROTWOOD,0.137714975,0.269649133,0.050873238,0.03125
590,47.855932203,17.098970582,0.008474576,AURORA,0.151321483,0.266728102,0.051852732,0.016811280
44,47.045454545,16.143188564,-0.363636364,NASHPORT,0.161367793,0.313080920,0.065539865,0
5,45,17.986105749,0.2,CLARINGTON,0.184625,0.346989899,0.068571429,0.166666667
221,50.945701357,19.174005654,0.009049774,AMHERST,0.170995253,0.315046503,0.076206866,0.068047337
71,48.352112676,16.379515597,-0.112676056,COLUMBIA STA,0.210678007,0.382654114,0.098463576,0.080508475
2,40.5,0.707106781,0,ST JOHNS,0.171875,0.4,0.028571428,0
67,51.895522388,18.357670619,0.104477612,MARTINS FERRY,0.161657125,0.288134921,0.079821671,0.09375
55,48.8,20.643714854,0.054545455,MANTUA,0.167155592,0.304146016,0.078089192,0.108974359
90,52.766666667,19.564959505,0.011111111,PORT CLINTON,0.183709859,0.341302277,0.070168500,0.068493151
662,43.370090634,15.779701615,0.024169184,GALLOWAY,0.087668819,0.172874602,0.024738794,0.012186380
1,31,,0,VERONA,0.11627907,0.235294118,0.038461538,
2,68.5,24.748737342,0,RIO GRANDE,0.015625,0.04,0,0
5,43.8,15.770225109,0.2,CLAY CENTER,0.1125,0.192,0.078571429,0.0625
2,43,5.656854249,0,SAGAMORE HILLS,0.0625,0.16,0,0
1,62,,-1,SYRACUSE,0.078125,0.16,0.028571429,0
7,55.142857143,23.455124326,-0.142857143,BLOOMVILLE,0.341602089,0.537142857,0.086160714,0.083333333
15,38.6,18.094197965,0,CROOKSVILLE,0.125587209,0.253064182,0.046995010,0
5,41.4,22.142718894,-0.4,PORT WASHINGTON,0.268509615,0.497333333,0.102857143,0
6,48.666666667,23.001449230,-0.666666667,WILLSHIRE,0.338541667,0.5,0.091428572,0
134,46.417910448,19.741677035,0.164179104,BEDFORD,0.139420858,0.260586770,0.063743492,0.005617978
332,46.960843373,18.215103703,0.039156627,SANDUSKY,0.149999309,0.281223880,0.059675585,0.025850340
2,42.5,17.677669530,-0.5,CHAUNCEY,0.078125,0.18,0.014285714,0
131,46.954198473,18.063078618,-0.061068702,JOHNSTOWN,0.180317081,0.322751050,0.091857806,0.028061224
1,77,,-1,HAMLER,0.578125,0.84,0.428571429,0.25
9,30.222222222,14.140171302,-0.111111111,COAL GROVE,0.173597602,0.320740741,0.049618437,0
35,46.742857143,18.378924722,0,BIDWELL,0.129357783,0.265485784,0.042675737,0
93,43.741935484,15.256433586,-0.182795699,TRENTON,0.116050127,0.231379282,0.029090130,0.021428571
23,48.130434783,17.715695013,-0.173913043,KILLBUCK,0.275626377,0.475815682,0.106288449,0.069444444
1,20,,0,FREDERICKSBURG,0.166666667,0.333333333,0,
111,50.594594595,20.546346005,0.189189189,BEDFORD HTS,0.139481480,0.256943395,0.048472441,0
522,48.542145594,18.521221568,0.103448276,MAYFIELD HTS,0.107425550,0.209356684,0.038506094,0.000634518
310,45.106451613,17.420507119,-0.129032258,TIPP CITY,0.128696802,0.232371179,0.056035869,0.014639640
63,50.158730159,19.656900905,0.142857143,ROSSFORD,0.194455409,0.359266033,0.078120906,0.010869565
137,45.328467153,19.488725809,0.233576642,EAST CLEVELAND,0.117331581,0.226672040,0.046798005,0.011494253
2,70,0,-1,JEWELL,0.515625,0.84,0.342857143,0
341,47.167155425,18.431388839,-0.038123167,PAINESVILLE,0.151348132,0.278712496,0.057674265,0.033596838
3,39,22.605309111,0,OWENSVILLE,0.088452381,0.158421053,0.020634921,0
5,38.2,12.357184145,0.2,HASKINS,0.078125,0.184,0.014285714,0
218,49.082568807,18.031272599,0.082568807,FAIRLAWN,0.139421688,0.269401340,0.041131051,0.013975155
147,48.517006803,18.965850255,-0.088435374,ENGLEWOOD,0.178183100,0.331924552,0.073219946,0.070754717
21,55.428571429,19.956381006,-0.142857143,WEST UNITY,0.301993146,0.491611722,0.176530612,0.25
409,47.232273839,16.767801046,-0.110024450,MARYSVILLE,0.141538200,0.274256963,0.051121737,0.017668776
70,49.557142857,19.343302563,-0.3,ARCANUM,0.217760025,0.394410481,0.107160286,0.0625
43,50.720930233,17.188486708,-0.302325581,SPRING VALLEY,0.179421215,0.326704048,0.087041265,0.019736842
212,48.632075472,19.558067860,0.051886792,WILLOWICK,0.205319955,0.362793229,0.086402876,0.057565789
18,58.777777778,18.916396733,-0.111111111,POLK,0.315516128,0.585892256,0.145543346,0.083333333
284,46.176056338,19.162794966,0.112676056,GARFIELD HTS,0.138559951,0.263209174,0.055014582,0
224,51.933035714,19.186364218,0.053571429,EASTLAKE,0.180013136,0.343851345,0.074877058,0.032857143
511,47.144814090,19.398568967,-0.068493151,WOOSTER,0.156007400,0.293878179,0.061807005,0.025659134
10,35.8,16.477594215,-0.1,CONVOY,0.117151532,0.234835310,0.050632701,0
127,48.653543307,18.392708162,-0.125984252,BELLEFONTAINE,0.152417678,0.278623806,0.069937101,0.059278351
524,40.261450382,18.449309464,0.261450382,ATHENS,0.157096344,0.271721452,0.062684945,0.030575540
90,49.533333333,19.175241528,-0.2,SHELBY,0.175936213,0.324033625,0.079349518,0.076086957
10,54.1,21.681789594,-0.6,ALGER,0.252642045,0.482282051,0.103928572,0.071428571
129,51.310077519,19.064364028,-0.023255814,NEW PHILADELPHIA-DOVER,0.201591744,0.366272269,0.077481201,0.036764706
16,55.75,23.222115896,-0.125,SHREVE,0.243670622,0.418310440,0.133928571,0.145833333
4,28,6.480740698,-0.5,EDISON,0.168529340,0.175252525,0.175595238,0
5,33.2,3.420526275,-0.6,MARIA STEIN,0.293278382,0.519597070,0.156885488,0
323,49.879256966,17.862856690,-0.058823529,CONCORD,0.196303726,0.355170511,0.067869678,0.034883721
11,49.090909091,17.154909183,-0.363636364,RACINE,0.133057268,0.253675889,0.048917749,0.064814815
17,46.588235294,13.793380765,0.117647059,WILLIAMSPORT,0.165654190,0.313300654,0.068818586,0.089285714
218,46.665137615,18.284308077,-0.022935780,FRANKLIN,0.126271148,0.243648592,0.048903640,0.025806452
78,54.115384615,17.231035703,-0.102564103,CLINTON,0.168154173,0.328053765,0.069666792,0.028985507
22,48.727272727,20.333368817,0.045454545,N BALTIMORE,0.187808555,0.333244949,0.090336134,0.1
9,42.888888889,11.218783852,-0.111111111,ZANESFIELD,0.129111436,0.232878788,0.063678805,0.0625
3,54.666666667,13.316656237,-0.333333333,GLANDORF,0.161458333,0.373333333,0.028571429,0
80,52.4125,19.383337324,-0.0875,HEATH,0.169324440,0.315616571,0.077721861,0.029166667
6,61.333333333,13.261473020,-0.666666667,LAKEVILLE,0.296875,0.486666667,0.190476190,0.041666667
4,38.25,10.045728777,0,CAIRO,0.034307065,0.077777778,0.007142857,0
7,45.571428571,27.036131028,-0.428571429,SOUTH SOLON,0.252463569,0.438095238,0.134693878,0
1,39,,0,HOLIDAY CITY,0,0,0,0
796,48.017587940,19.144198056,-0.005025126,SPRINGFIELD,0.170766928,0.307736159,0.072459042,0.105200946
36,56.277777778,18.796065107,-0.194444444,NEW LONDON,0.210917874,0.417407407,0.085901832,0.016666667
10,53.7,18.306343770,-0.4,OTWAY,0.154199661,0.293590909,0.069523810,0
3,66.666666667,16.289055630,0,COALTON,0.09375,0.213333333,0.019047619,0
8,48.25,18.956717618,-0.5,WEST FARMINGTON,0.225694445,0.391875,0.116964286,0.125
5,49.6,24.398770461,-0.6,CONOVER,0.281631098,0.473,0.165714286,0.166666667
3,52,26.851443164,0,BETTSVILLE,0.34375,0.62,0.152380952,0
485,49.276288660,17.303141723,-0.140206186,TROY,0.142621512,0.269280509,0.061128588,0.019333333
4,42.5,25.488559525,-0.25,KELLEYS ISLAND,0.135602678,0.277142857,0.021428572,0.125
19,43.526315789,16.631190313,0.105263158,BYESVILLE,0.156116898,0.311325760,0.053325616,0.057692308
6,50.833333333,16.080008292,-0.666666667,STOUT,0.205729167,0.4,0.090476190,0
1246,49.170144462,18.222849185,0.076243981,WESTLAKE,0.140751448,0.262379445,0.052171966,0.003118503
25,48.64,15.657479576,-0.32,BURBANK,0.200126504,0.390427329,0.083888528,0.035714286
61,55.475409836,15.758179418,-0.196721311,LISBON,0.204849435,0.358920680,0.115463354,0.004464286
37,46.054054054,19.356230616,-0.027027027,BLUFFTON,0.162045091,0.283883119,0.080140114,0.05
1,70,,-1,BROWNSVILLE,0.484375,0.88,0.257142857,0
682,46.552785924,18.812413486,-0.104105572,LIMA,0.137527905,0.256993242,0.055446400,0.030334728
366,47.415300546,19.621268466,0.106557377,TALLMADGE,0.138099848,0.253292256,0.058385545,0.067822384
73,54.780821918,19.559912644,-0.164383562,JEFFERSON,0.288799846,0.454812781,0.145872127,0.125
183,47.956284153,17.016419071,-0.092896175,AMELIA,0.147790624,0.282158376,0.063475118,0.010869565
741,50.303643725,18.528673184,-0.049932524,MANSFIELD,0.143751363,0.273694610,0.059438688,0.028508772
12,60.5,20.856653615,0,WALDO,0.286892059,0.491111111,0.169065766,0.025
281,50.551601423,18.914610923,-0.177935943,ASHLAND,0.185876742,0.346516124,0.076999583,0.030092593
18,50.666666667,21.600653585,-0.166666667,GUYSVILLE,0.171967523,0.314166667,0.085714286,0.057692308
5,49.8,16.361540270,-0.2,CORWIN,0.198125,0.44,0.028571429,0.125
3,56.666666667,19.857828011,0,WILLIAMSFIELD,0.346306818,0.567619048,0.209523810,0.166666667
18,43.944444444,18.203012751,-0.444444444,WEST MANSFIELD,0.219460869,0.362859874,0.071708683,0.025
9,39.888888889,13.932376363,0.111111111,ARLINGTON,0.292824074,0.477936508,0.079141692,0
703,50.108108108,18.857003648,0.098150782,WARREN,0.168351692,0.302942255,0.077254522,0.066481138
12,58.416666667,19.819450196,-0.166666667,AMSTERDAM,0.195906408,0.389318182,0.074032738,0.045454545
1,59,,0,HOLLOWAY,0.015625,0.04,0,0
8,48.375,16.826318670,-0.125,MT PERRY,0.150891426,0.287149123,0.066502463,0
776,50.664948454,18.360296807,0.006443299,MENTOR,0.157264561,0.306341944,0.057906349,0.010399784
14,42.785714286,17.178602842,-0.214285714,MC COMB,0.129247836,0.220769231,0.072789116,0.03125
25,44.24,13.884283681,-0.24,NORTH BEND,0.180905002,0.352351693,0.073071391,0
18,48.5,16.008269922,-0.444444444,NEVADA,0.164370691,0.307966712,0.066269841,0.05
1812,43.317328918,15.642127911,0.026490066,BLACKLICK,0.056486553,0.110352894,0.016146767,0.002650634
39,45.102564103,19.246045215,-0.307692308,HICKSVILLE,0.206497597,0.367190006,0.095456178,0.035714286
12,53.916666667,19.915541365,0.083333333,SOUTH VIENNA,0.090978900,0.176388889,0.035714286,0.05
4783,44.772945850,15.120963669,0.102028016,MASON,0.119218410,0.210969593,0.034354230,0.006132461
25,48.52,17.640200301,-0.12,NEW BREMEN,0.152782234,0.288688619,0.061853480,0.027777778
17,56.294117647,16.773359480,-0.411764706,BELLE CENTER,0.220031763,0.438637771,0.087394958,0.016666667
17,55.588235294,22.037067703,0,JEFFERSONVILLE,0.284109477,0.436339869,0.142410714,0.038461538
2,66,0,-1,CHESTER,0.4296875,0.78,0.214285715,0.125
102,48.431372549,16.604013474,-0.098039216,WAYNESVILLE,0.178327404,0.333915357,0.071818101,0.072289157
44,48.909090909,18.562049533,-0.295454545,WILLARD,0.175792113,0.320877721,0.088367999,0
43,53.232558140,17.167018780,-0.116279070,WALBRIDGE,0.175567417,0.334831706,0.068804964,0.129901961
67,54.731343284,17.039688155,0,WELLINGTON,0.209069736,0.392139235,0.092682555,0.043859649
14,45.857142857,18.211818406,0,NORWICH,0.225685266,0.393946886,0.124704882,0
79,50.481012658,18.534694259,-0.050632911,ST MARYS,0.178901259,0.318501354,0.089194722,0.033333333
14,51.785714286,18.901276194,0,THOMPSON,0.253900376,0.420550402,0.154792826,0
20,42.1,17.035257556,-0.2,CLARKSVILLE,0.213469591,0.395275253,0.093893557,0
16,39.25,16.727223320,-0.125,BEAVER,0.130427178,0.254032738,0.056563573,0
41,55.585365854,18.286573777,-0.243902439,LOUDONVILLE,0.216991870,0.393088687,0.114554677,0.007142857
28,51.5,18.554224836,-0.142857143,NEW WATERFORD,0.139379750,0.250257846,0.036072207,0
397,45.430730479,16.139491772,-0.027707809,MAINEVILLE,0.131832857,0.244896173,0.048188812,0.026402640
727,50.830811554,18.741763657,0.092159560,NORTH OLMSTED,0.151849260,0.289643282,0.062213736,0.004901961
94,43.510638298,13.959037371,0.010638298,PENINSULA,0.135139338,0.263552982,0.048069516,0.024122807
40,53.45,17.688109870,-0.5,FOREST,0.254904414,0.455632576,0.115766690,0.014705882
106,50.132075472,18.416387874,-0.028301887,WAVERLY,0.161433113,0.317395355,0.063720628,0.012048193
15,49.133333333,23.922095783,0,EAST SPARTA,0.171555556,0.348236045,0.057142857,0.055555556
43,52.255813953,21.005773609,-0.279069767,UTICA,0.249842046,0.430611169,0.138834377,0.057142857
24,46.791666667,21.552724365,0.041666667,PIKETON,0.152648790,0.282430556,0.078433402,0.016666667
1308,48.660550459,18.670609212,0.065749235,PARMA,0.156878038,0.266098304,0.084158450,0.037755102
20,50.45,20.038055899,-0.15,SARDINIA,0.175955716,0.350190476,0.050535714,0.017857143
50,51.88,18.919420969,-0.12,MONTPELIER,0.166818037,0.329684683,0.064320049,0.019736842
20,51.65,15.270456513,-0.2,NEW VIENNA,0.214375,0.406876103,0.104634431,0
14,48.071428571,20.001785635,-0.5,PIONEER,0.194840253,0.333845328,0.105269177,0.125
106,47.839622642,17.401771553,-0.103773585,PROCTORVILLE,0.111868301,0.215729518,0.034989036,0
323,45.123839009,17.526293153,0.095975232,BROOKLYN,0.116143462,0.212844976,0.050743961,0
23,45.260869565,15.731316166,-0.217391304,NEW LEBANON,0.103295937,0.202249671,0.042311312,0.014705882
39,57.102564103,18.433086488,-0.282051282,MCCONNELSVILLE,0.177583076,0.318215625,0.095714360,0.015151515
21,57.904761905,15.632993194,0.047619048,NEW SPRINGFIELD,0.245582955,0.487830688,0.098206555,0
1,27,,0,WREN,0.12,0.181818182,0.071428571,
132,50.371212121,17.937297618,0.151515152,MUNROE FALLS,0.128108165,0.238437735,0.043564698,0.025700935
1,36,,0,STEWART,0.103448276,0.272727273,0,0
5,65.2,11.031772296,0.2,PHILO,0.25625,0.496,0.114285714,0
56,48.017857143,18.474051651,-0.142857143,WHITEHOUSE,0.182252980,0.363720845,0.064606512,0.011627907
113,49.592920354,18.852641520,0.026548673,NORTON,0.174343505,0.331539718,0.069093938,0.078313253
42,50.666666667,16.567182763,0.214285714,MCDONALD,0.231981108,0.410567924,0.117023021,0.1
1,68,,-1,RIDGEWAY,0.03125,0.04,0.028571429,0
125,51.16,18.521304211,-0.168,WASHINGTON CH,0.131793254,0.256706698,0.045992706,0
1103,44.947416138,17.233765609,0.071622847,CUYAHOGA FALLS,0.103684988,0.203943091,0.035587035,0.005548442
170,49.888235294,19.122599856,0.041176471,OREGON,0.155670791,0.318745568,0.050199604,0.023255814
19,44.526315789,14.400495443,-0.526315789,FARMERSVILLE,0.296560731,0.498045113,0.175250627,0.057692308
16,46.25,17.755750242,-0.1875,MINERAL CITY,0.146958585,0.293583188,0.054464286,0.022727273
9,56.444444444,11.501207666,0,WAITE HILL,0.171875,0.373333333,0.041269841,0.055555556
19,55.421052632,16.644371052,0.157894737,MARTIN,0.281085526,0.512280702,0.143130554,0.029411765
26,54.269230769,17.110365729,-0.269230769,HUNTSBURG,0.235813492,0.414444444,0.122629223,0.107142857
482,47.448132780,19.249494597,0.182572614,EUCLID,0.156872039,0.291749650,0.061765373,0.001453488
9,37.888888889,9.479510067,0.111111111,HAMDEN,0.129546370,0.276809117,0.035714286,0
1318,45.762518968,17.607090025,0.098634294,GAHANNA,0.131417412,0.241343897,0.048819409,0.012208068
3,43,16.522711642,0,WHARTON,0.285714286,0.518228905,0.144339951,0
12,48.833333333,23.233335507,0.25,NORTH RANDALL,0.142408460,0.269735450,0.063311688,0
14631,44.404346935,17.855055294,0.069373249,CINCINNATI,0.133209780,0.256005697,0.043629312,0.013115147
1,81,,1,BOURNEVILLE,0.390625,0.76,0.171428571,0
30,45.7,21.107524398,-0.133333333,RICHWOOD,0.194008642,0.343231963,0.069025228,0
31,53.032258065,16.009338673,0.032258065,OSTRANDER,0.224840497,0.411915989,0.080000000,0.018518519
2357,46.880780653,16.349243106,0.028001697,POWELL,0.137389123,0.265136805,0.040070015,0.009630819
9,49.444444444,16.986105433,-0.222222222,SOUTH WEBSTER,0.121954776,0.264011639,0.034920635,0
557,44.412926391,16.601498748,-0.034111311,MIAMISBURG,0.118511135,0.228507103,0.035996872,0.014705882
728,47.501373626,19.398591769,0.039835165,STOW,0.144816393,0.279947441,0.046139891,0.025678295
16,50.5,13.505554413,-0.3125,KITTS HILL,0.169921875,0.33375,0.066071429,0
8,46.5,16.239282180,-0.5,CUMBERLAND,0.214581515,0.354181287,0.130357143,0
7,46.714285714,21.522966692,-0.285714286,LARUE,0.171842013,0.310476191,0.081632653,0.125
21,39.238095238,12.809780490,0.047619048,COMMERCIAL POINT,0.124414422,0.217474535,0.018125,0
2,35,21.213203436,0,CONTINENTAL,0.225,0.53,0.014285714,0.25
68,47.014705882,18.731801235,-0.058823529,LEXINGTON,0.167941193,0.316761729,0.070426701,0.011627907
16,44.1875,17.818412761,-0.125,STOCKPORT,0.176724494,0.322358593,0.073754579,0.022727273
111,35.198198198,16.345040849,0.045045045,ROOTSTOWN,0.112137135,0.221410846,0.027883846,0.078947368
114,49.359649123,18.510043766,-0.017543860,MORROW,0.197783306,0.328828247,0.091667243,0.065217391
1,69,,-1,POINT PLEASANT,0.203125,0.32,0.142857143,0
27,55.185185185,19.637164602,-0.185185185,LODI,0.182011060,0.323968788,0.089688706,0.119565217
1,70,,-1,SINKING SPRING,0.4375,0.76,0.257142857,0
5,37.6,3.049590136,-0.4,MENDON,0.078011364,0.142393375,0.040840336,0
6,52,18.729655630,0.166666667,LAKEMORE,0.243695175,0.453636364,0.120779221,0
238,49.478991597,18.369323511,-0.100840336,ALLIANCE,0.171179955,0.327535558,0.067173294,0.047551789
5,43,12.884098727,-0.2,THURSTON,0.206065226,0.427038462,0.069428571,0
868,43.140552995,17.167297192,0.210829493,LAKEWOOD,0.141396758,0.253714014,0.062185806,0.004181601
10,58.7,16.384613378,-0.1,CORNING,0.234260671,0.44375,0.111428572,0
85,51.211764706,19.429416895,-0.211764706,CAREY,0.180894872,0.329740223,0.088671974,0.014925373
17,49,17.535677917,-0.882352941,SMITHVILLE,0.298877042,0.509682540,0.169654819,0.035714286
8,43,19.033804514,-0.25,LUCKEY,0.137588944,0.279583333,0.028571429,0.05
3781,45.666754827,17.872180734,0.051044697,DAYTON,0.132996638,0.245416616,0.050599745,0.019810838
16,52.75,16.502525059,-0.4375,SULLIVAN,0.234650237,0.41515625,0.1175,0.115384615
116,52.689655172,18.556336685,-0.137931034,HURON,0.229889486,0.411801804,0.115461183,0.051630435
1,26,,0,WHITE COTTAGE,0.08,0.181818182,0,
7,43.857142857,16.767315144,0,QUINCY,0.212987013,0.502857143,0.024489796,0
8,54,18.369228929,-0.5,CYGNET,0.189413265,0.392631579,0.063690476,0
1,74,,1,MORRAL,0.296875,0.6,0.114285714,0
453,48.750551876,18.106055089,0.013245033,MACEDONIA,0.135368348,0.259784313,0.051785853,0.006091618
1,66,,0,WINESBURG,0.1875,0.44,0.028571429,0
164,50.146341463,19.969069304,-0.121951220,MADISON,0.208397283,0.358535452,0.099095270,0.174435028
6,55.833333333,14.797522315,-0.166666667,TUSCARAWAS,0.404761905,0.688888889,0.191369048,0.55
21,54.761904762,19.395630338,-0.047619048,MARBLEHEAD,0.126544230,0.252510823,0.044897959,0.014705882
7,38.857142857,14.380873541,0.285714286,MOSCOW,0.188793680,0.330395795,0.096683674,0
13,52.307692308,16.494365782,0.153846154,LAKE MILTON,0.148705841,0.280213675,0.070588235,0
77,49.870129870,18.420776778,0.038961039,SHEFFIELD VILLAGE,0.156703573,0.269663122,0.067351262,0.071428571
82,47.268292683,20.538460628,-0.097560976,WAPAKONETA,0.185276503,0.337616286,0.058672846,0.026785714
1070,46.151401869,16.515476567,-0.016822430,MIDDLETOWN,0.120977583,0.237895783,0.038614444,0.033622112
17,51.941176471,20.458710212,-0.117647059,MALVERN,0.246414868,0.400028011,0.146871789,0.211538462
14,43.357142857,16.946100722,-0.071428571,NEW LEXINGTON,0.093974754,0.188527668,0.030852341,0
76,52.263157895,19.636271487,-0.210526316,KENTON,0.205702807,0.373591423,0.100795568,0.043103448
6,49.166666667,14.524691620,-0.166666667,LYONS,0.244104158,0.46748538,0.109715381,0
27,58.148148148,19.524548067,-0.037037037,ANDOVER,0.178365902,0.338793804,0.076783710,0.065217391
412,48.781553398,19.274451391,0.097087379,ROCKY RIVER,0.170150971,0.308640598,0.070248466,0.005894962
281,48.028469751,19.217158650,0.071174377,BEREA,0.170251680,0.306340502,0.073444380,0.026190476
34,46.676470588,18.680277378,-0.235294118,WEST MILTON,0.175190034,0.334349102,0.074709662,0.054347826
12,55.583333333,16.822378674,-0.416666667,RISINGSUN,0.182803030,0.393157895,0.045634921,0
159,48.213836478,16.981138002,-0.207547170,SUNBURY,0.205400852,0.363412825,0.082042502,0.065384615
12,50.833333333,22.147576651,-0.416666667,WAYNESFIELD,0.161739645,0.302413420,0.073214286,0
3,54.666666667,18.147543452,-0.666666667,RADCLIFF,0.182484568,0.35,0.0875,0
8,55,17.336995950,-0.625,ROSSBURG,0.175688271,0.383660714,0.039810924,0.071428571
11,47.909090909,17.443936170,-0.272727273,ST HENRY,0.179160927,0.367984190,0.058441558,0
77,48.493506494,17.429273150,-0.012987013,NEWTON FALLS,0.181118572,0.325986935,0.076398026,0.070833333
736,42.974184783,16.138284625,0.005434783,CANAL WINCHESTER,0.114832887,0.207637927,0.042932903,0.026673294
109,50.889908257,18.247445001,-0.311926606,BUCYRUS,0.210180123,0.374096829,0.102550697,0.112804878
3,42.333333333,36.170890690,0,MURRAY CITY,0.178819444,0.313333333,0.019047619,0
1220,38.028688525,16.641123339,0.240983607,CLEVELAND HTS,0.126989673,0.230668594,0.048195823,0.003591954
8,53,13.136644494,-0.5,FRESNO,0.195951184,0.398005952,0.071533614,0.035714286
18,52.888888889,19.601587237,-0.444444444,PANDORA,0.246354167,0.461111111,0.104761905,0.066666667
1,74,,1,WINONA,0.5625,0.84,0.428571429,0
27,50.703703704,16.250005479,-0.222222222,LAKEVIEW,0.133420451,0.268171861,0.043301143,0.035714286
299,52.167224080,19.590577690,0.050167224,SEVEN HILLS,0.172178662,0.298949144,0.094141374,0.042016807
87,46.540229885,18.588446398,-0.183908046,JACKSON,0.143412918,0.280996424,0.052554735,0.035714286
17,38.941176471,17.580068928,-0.529411765,LAURA,0.240588235,0.369098659,0.093802521,0.027777778
442,48.036199095,18.816901556,0.020361991,WILLOUGHBY,0.148475037,0.284982438,0.057916480,0.024946921
44,46.590909091,20.298147678,0.022727273,EAST CANTON,0.158162324,0.314782273,0.051498922,0.071428571
245,41.502040816,16.489843991,0.171428571,UNIVERSITY HTS,0.132019945,0.235594609,0.051682454,0.003355705
15,49.333333333,19.404221436,-0.066666667,LEAVITTSBURG,0.217291667,0.409333333,0.088888889,0
26,44.538461538,17.456759766,-0.346153846,ST PARIS,0.157161691,0.281767399,0.080228642,0
1041,42.898174832,16.342229585,-0.013448607,PATASKALA,0.069777216,0.123563751,0.027532724,0.012633287
16,44,13.574485871,0.125,NORTH PERRY,0.299541206,0.563099748,0.128058339,0.104166667
559,49.565295170,19.126599857,-0.008944544,MASSILLON,0.189382829,0.340399442,0.077325538,0.047417272
69,49.869565217,15.658969468,-0.173913043,CENTERBURG,0.154229420,0.311503790,0.057400088,0
15,46.733333333,18.140194780,-0.133333333,MEDWAY,0.144791667,0.256,0.078095238,0.045454545
2045,44.929095355,16.640622948,0.044009780,HILLIARD,0.126933075,0.236473346,0.041151833,0.017869299
9,43.333333333,20.663978320,-0.111111111,MINFORD,0.114399040,0.246060606,0.033381434,0
4,64.25,19.414341778,-0.75,ALVADA,0.356792903,0.562608696,0.229004329,0.1875
150,47.86,17.906554610,-0.166666667,WILMINGTON,0.167212385,0.307207205,0.076581515,0.064732143
21,46.380952381,18.985458094,0.047619048,WEST LIBERTY,0.175496032,0.303200237,0.102120848,0.016666667
13,57.769230769,21.264813841,0.076923077,SEBRING,0.150209325,0.276808409,0.073924482,0.027777778
18,46.5,15.259519690,-0.222222222,BRISTOLVILLE,0.200025246,0.383853276,0.079960318,0.057692308
14,49,17.558692785,-0.142857143,RUSHVILLE,0.251711309,0.410396825,0.085920330,0.083333333
1,43,,0,HAYDENVILLE,0.046875,0.12,0,0
361,50.443213296,18.771512538,-0.060941828,CHAGRIN FALLS,0.182486015,0.331760653,0.072232471,0.044580420
12,58.75,21.545406598,-0.5,MIDLAND,0.193658502,0.359285714,0.090476190,0.075
1,66,,1,W MILLGROVE,0.4375,0.84,0.2,0
220,45.922727273,17.542861583,0.095454545,OLMSTED TWP,0.150524953,0.259464358,0.080854005,0.004746835
37,55.621621622,22.064742302,-0.270270270,CRESTLINE,0.256676764,0.451413537,0.135227359,0.112068966
98,49.561224490,18.535597586,0.010204082,SHEFFIELD LAKE,0.159432297,0.263004680,0.060044228,0.103896104
59,46.711864407,21.938040374,-0.016949153,MIDDLEFIELD,0.196928808,0.335460538,0.084482759,0.111842105
1,36,,1,SAVANNAH,0.120689655,0.272727273,0.03030303,0
35,48.542857143,18.438040691,-0.257142857,HEBRON,0.233431820,0.405578231,0.097179781,0.046296296
5,63.4,13.867227553,-0.4,NEY,0.225,0.44,0.097142857,0
23,59.347826087,18.069584429,-0.304347826,JEROMESVILLE,0.287227846,0.505764081,0.157199322,0.0625
628,48.683121019,18.854007273,-0.060509554,NORTH CANTON,0.176330194,0.321145676,0.067058890,0.045751634
69,51.188405797,19.940555307,-0.202898551,NAVARRE,0.293505082,0.465727122,0.121160878,0.051886792
55,58.527272727,20.270261510,0.018181818,BELLAIRE,0.208247655,0.364503739,0.113073593,0.032608696
58,49.224137931,18.703637983,-0.051724138,TORONTO,0.193683986,0.347461430,0.095452136,0.083333333
12,53.416666667,18.874987457,-0.083333333,BEALLSVILLE,0.195363292,0.346782233,0.090873016,0.21875
603,46.351575456,15.889541160,-0.006633499,COPLEY,0.126597117,0.239688934,0.037069435,0.007709251
71,49.774647887,19.443101739,-0.098591549,WHEELERSBURG,0.160186605,0.268105060,0.058786010,0.004807692
3,40.333333333,23.028967266,0,MT ORAB,0.401041667,0.506666667,0,0
2017,43.713435796,14.392636970,0.056023798,LEWIS CENTER,0.114032864,0.215967213,0.031544117,0.003807107
2,40,4.242640687,0,BOSTON HEIGHTS,0.097916666,0.232173913,0.014705882,0
63,48.730158730,17.997496555,-0.317460317,HARTVILLE,0.189518144,0.334167898,0.099011827,0.067708333
8,44.875,18.216456453,0.125,STOUTSVILLE,0.195969178,0.365,0.085714286,0
9,50.777777778,23.139672522,0.111111111,WILLOW WOOD,0.104202586,0.225802469,0.025396825,0
1,41,,-1,ALPHA,0.046875,0.08,0.028571429,0
386,48.777202073,18.643256458,-0.085492228,UNIONTOWN,0.193992804,0.350363625,0.078802004,0.042955326
48,47.166666667,17.382227820,-0.0625,LUCASVILLE,0.148842522,0.303773683,0.048468502,0.006944444
18,46,12.184850768,0.111111111,LIBERTY TWP,0.067675823,0.151633197,0.014574315,0
1477,49.584292485,18.203434032,0.048747461,STRONGSVILLE,0.145782007,0.268591753,0.061504606,0.004678363
8,41.75,16.228282191,0.125,ABERDEEN,0.087890625,0.205,0.014285714,0
37,48.459459459,21.733991036,0.081081081,WEST UNION,0.170634336,0.312190635,0.084423843,0
51,48.960784314,17.007011242,-0.176470588,CARDINGTON,0.234040166,0.427615022,0.109346836,0.064583333
33,43.363636364,17.193418403,-0.060606061,PROSPECT,0.206979129,0.381461964,0.094324194,0.0125
397,46.740554156,17.893362369,-0.075566751,WADSWORTH,0.168187116,0.314493347,0.059790759,0.016439909
699,48.690987124,19.046739872,0.127324750,WORTHINGTON,0.172273236,0.321614875,0.064009473,0.039499037
184,50.054347826,18.794758094,0.038043478,WILLOUGHBY HILLS,0.170676641,0.309134348,0.065665263,0.039285714
5,35.2,17.683325479,0.4,NEWPORT,0.334375,0.468696356,0.062030075,0
4,62.5,16.901676445,-0.5,STONE CREEK,0.300905258,0.53,0.171638655,0
387,46.545219638,15.543350598,-0.049095607,GALENA,0.172633716,0.310140682,0.062061946,0.018608414
200,49.695,20.085545066,-0.185,MARIETTA,0.172150012,0.301067603,0.079496025,0
8,40.125,22.471807735,0.5,KIRTLAND HILLS,0.507572751,0.435714286,0.206349206,0
10,55.6,16.008331164,-0.1,PLEASANT PLAIN,0.278818741,0.520909091,0.131601732,0.055555556
