population,avg_age,CODED_PARTY_AFFILIATION,age_stddev,RESIDENTIAL_ZIP,Score,General,Primary,Special
506,47.893280632,-0.019762846,18.389635326,45440,0.157360733,0.282656666,0.071150471,0.035112360
38,43.973684211,-0.157894737,18.994290525,43019,0.157270499,0.280255439,0.050139384,0.01
107,48.495327103,-0.102803738,16.518927870,45068,0.179252526,0.338872583,0.069797228,0.074712644
301,50.212624585,-0.342192691,19.010557771,44024,0.241928937,0.440976977,0.111435012,0.008583691
395,45.405063291,0.050632911,17.389330257,45211,0.130066168,0.267006570,0.037012135,0.017835178
20,49.6,-0.1,21.112231426,45656,0.142944601,0.297385281,0.042142857,0
79,50.481012658,-0.050632911,18.534694259,45885,0.178901259,0.318501354,0.089194722,0.033333333
1,31,0,,45378,0.11627907,0.235294118,0.038461538,
408,45.544117647,0.205882353,17.851641256,43209,0.170339918,0.313882587,0.064026727,0.022260274
872,43.157110092,0.209862385,17.155447730,44107,0.141165396,0.253517314,0.061964814,0.004159239
21,47.761904762,-0.047619048,20.354126761,43845,0.198934837,0.342433862,0.111564626,0.016666667
152,51.631578947,-0.157894737,20.956177616,45233,0.253748502,0.478003559,0.094754491,0.015625
372,44.827956989,0.177419355,18.776669389,43606,0.157172398,0.272422652,0.052466920,0.024801587
329,51.161094225,0.091185410,19.339904249,44203,0.182637678,0.327311157,0.080292636,0.137159533
80,53.9,-0.3125,17.126188400,43105,0.239556737,0.432007096,0.120631267,0.072463768
860,46.003488372,-0.019767442,17.852356243,45431,0.110205322,0.204357910,0.040079939,0.012437811
10,35.8,-0.1,16.477594215,45832,0.117151532,0.234835310,0.050632701,0
186,42.505376344,0.102150538,16.508555460,44301,0.098480351,0.191566497,0.030644384,0.020114943
5,59.6,-0.6,25.205158202,43407,0.211764706,0.457,0.057142857,0
9,48.333333333,-0.111111111,19.602295784,43748,0.098958333,0.164444444,0.053968254,0.125
170,50.229411765,-0.123529412,19.806467915,44057,0.212974630,0.368809364,0.100395354,0.173441734
1,59,-1,,45328,0.328125,0.56,0.2,0
463,48.799136069,-0.034557235,18.864309257,44646,0.185972837,0.328649637,0.076297097,0.046597633
96,43.4375,0.010416667,13.827366077,44264,0.134363866,0.262899251,0.047374440,0.023504274
14,64.071428571,-0.071428571,18.561599258,44695,0.397321429,0.548571429,0.129670330,0.038461538
3,32.666666667,0.333333333,8.386497084,44506,0.1,0.15942029,0.068627451,0
8,37.875,-0.25,14.923016738,43341,0.230282738,0.438125,0.095467033,0.0625
810,43.806172840,0.1,16.414462296,43231,0.072231281,0.140804085,0.021210849,0.007785467
7,35.142857143,0.142857143,7.537209285,45867,0.185431911,0.338285893,0.097583841,0
297,47.323232323,0.084175084,19.273368555,44125,0.145091478,0.277091116,0.057606507,0.001196172
8,42.625,0.125,17.054010840,45153,0.190585095,0.329096320,0.102455357,0
32,53.5625,-0.28125,15.951413124,44824,0.289689851,0.504944196,0.129604322,0.074074074
2,53.5,0.5,17.677669530,43930,0.171875,0.28,0.114285714,0
442,51.662895928,0.009049774,19.104366153,45434,0.172028407,0.310698761,0.071434491,0.031996180
722,49.074792244,0.036011080,18.082487878,44147,0.154497499,0.273028623,0.063679281,0.002220249
9,44.444444444,-0.111111111,19.831232382,43779,0.123857283,0.237466069,0.045010327,0.041666667
2,73.5,0,0.707106781,43037,0.0546875,0.1,0.028571428,0
86,53.058139535,-0.139534884,19.832447953,43351,0.192610813,0.350837009,0.096480135,0.011194030
52,48.75,0.038461538,17.023484356,43076,0.174615969,0.326589534,0.056990069,0.029069767
72,51.333333333,0,21.108038653,44230,0.240356583,0.427896860,0.090977305,0.098214286
9,39.666666667,-0.111111111,16.955824958,45889,0.124195871,0.236865079,0.044329004,0
940,45.836170213,0.051063830,16.760378827,44087,0.131645023,0.240407464,0.034088680,0.019705603
1,27,0,,43722,0,0,0,
13,46.692307692,-0.461538462,19.357963974,44867,0.248841783,0.457236097,0.094505495,0.21875
172,46.965116279,0.267441860,19.875605945,44112,0.129425320,0.248243303,0.054214480,0.008547009
5,37.6,-0.4,3.049590136,45862,0.078011364,0.142393375,0.040840336,0
520,47.203846154,0.028846154,18.474811906,43537,0.153903432,0.295189673,0.047965538,0.012532982
511,47.144814090,-0.068493151,19.398568967,44691,0.156007400,0.293878179,0.061807005,0.025659134
1216,45.341282895,-0.003289474,16.641248954,43015,0.137828473,0.254088525,0.049138420,0.018886502
145,53.510344828,0.179310345,18.965288922,44425,0.242931480,0.405115610,0.131051933,0.142241379
4,34.75,0,16.680827318,45836,0.069010417,0.144583333,0,0
603,46.351575456,-0.006633499,15.889541160,44321,0.126597117,0.239688934,0.037069435,0.007709251
76,52.263157895,-0.210526316,19.636271487,43326,0.205702807,0.373591423,0.100795568,0.043103448
3,47,0,17.088007491,45770,0.086277174,0.194074074,0.019047619,0
209,46.578947368,0.215311005,18.898889285,45237,0.130844582,0.255609034,0.045629707,0.022260274
9,37.888888889,0.111111111,9.479510067,45634,0.129546370,0.276809117,0.035714286,0
18,58.277777778,0.222222222,17.217656996,43977,0.243853228,0.453650794,0.115873016,0.058823529
90,49.533333333,-0.2,19.175241528,44875,0.175936213,0.324033625,0.079349518,0.076086957
78,54.115384615,-0.102564103,17.231035703,44216,0.168154173,0.328053765,0.069666792,0.028985507
8,43.25,-0.625,16.568041526,43066,0.318779904,0.580319549,0.150128284,0.25
18,45.222222222,-0.111111111,18.154745144,43432,0.165569243,0.309125465,0.074470899,0.020833333
68,49.485294118,-0.294117647,17.810354733,45660,0.163323858,0.330180564,0.057758168,0.004716981
313,50.520766773,0.102236422,19.577599953,44515,0.215733343,0.382202071,0.103601074,0.010233918
15,42.333333333,-0.133333333,13.952299691,45064,0.339746443,0.455576313,0.101886634,0
71,48.352112676,-0.112676056,16.379515597,44028,0.210678007,0.382654114,0.098463576,0.080508475
8,48.375,-0.125,16.826318670,43760,0.150891426,0.287149123,0.066502463,0
1,27,0,,43151,0.285714286,0.583333333,0.0625,
6,68.5,0,9.974968672,44045,0.325520833,0.593333333,0.161904762,0.083333333
145,45.793103448,0.131034483,20.133890911,44132,0.154741331,0.293190535,0.058771721,0
101,37.574257426,0.168316832,14.900568133,43608,0.092095200,0.177600531,0.021771942,0
51,48.960784314,-0.176470588,17.007011242,43315,0.234040166,0.427615022,0.109346836,0.064583333
705,42.517730496,0.036879433,16.764835203,45240,0.067995306,0.135958882,0.015598311,0.003880266
12,47.083333333,-0.083333333,18.322655293,45767,0.079730550,0.184583333,0.011904762,0
634,35.154574132,0.181388013,13.910618067,43212,0.114354360,0.228206246,0.038345333,0.005747126
34,46.676470588,-0.235294118,18.680277378,45383,0.175190034,0.334349102,0.074709662,0.054347826
122,43.508196721,0.114754098,18.179202494,44110,0.117709125,0.228135856,0.039757325,0.003378378
16,46.8125,-0.5,17.989696125,45880,0.198821605,0.376833194,0.086804097,0
911,48.013172338,-0.031833150,17.702853869,45140,0.156854921,0.287166500,0.058465261,0.015357143
99,48.020202020,0.090909091,18.781764820,44055,0.140315783,0.253327824,0.061010101,0.108695652
6,48.833333333,-0.666666667,14.538454755,43754,0.285625,0.518787879,0.133333333,0.15
557,44.412926391,-0.034111311,16.601498748,45342,0.118511135,0.228507103,0.035996872,0.014705882
5,43,-0.2,12.884098727,43157,0.206065226,0.427038462,0.069428571,0
544,45.213235294,0.102941176,17.155193722,44135,0.088182706,0.172549825,0.031506178,0.001298701
8,55.75,-0.625,16.420805618,45841,0.28515625,0.47,0.162500000,0.035714286
28,48.178571429,0,21.802231574,45308,0.155942211,0.282549237,0.075510204,0.055555556
18,41.5,-0.111111111,14.130692502,43001,0.242857496,0.410811966,0.138741759,0.020833333
154,48.928571429,-0.051948052,17.411628277,44286,0.164690682,0.307545153,0.049684525,0.010504202
499,48.525050100,0.094188377,18.652521007,44512,0.143500323,0.262441614,0.064284656,0.006048387
85,52.4,0.176470588,19.902261178,44714,0.196376009,0.351889653,0.096235845,0.046875
854,47.086651054,0.019906323,17.744162979,43560,0.131673753,0.256231106,0.039160454,0.003328009
1,81,1,,45617,0.390625,0.76,0.171428571,0
14,44.571428571,-0.285714286,19.341920538,45118,0.089433331,0.192063492,0.020408163,0
19,55.421052632,0.157894737,16.644371052,43445,0.281085526,0.512280702,0.143130554,0.029411765
19,53.315789474,0.052631579,17.136875871,44099,0.253980983,0.475784157,0.116940933,0.033333333
1382,28.304630970,0.127351664,9.999230613,43201,0.116556994,0.217892812,0.029911321,0.014192140
18,52.888888889,-0.444444444,19.601587237,45877,0.246354167,0.461111111,0.104761905,0.066666667
26,46.692307692,-0.192307692,15.645495788,44847,0.176667190,0.310152007,0.094677198,0.065789474
244,42.352459016,-0.040983607,15.373764265,45050,0.105505173,0.204545091,0.026097716,0.025714286
36,50.5,-0.416666667,19.139338696,44681,0.259817674,0.468067981,0.132106782,0.043103448
366,47.415300546,0.106557377,19.621268466,44278,0.138099848,0.253292256,0.058385545,0.067822384
163,52.134969325,-0.049079755,18.396697012,44410,0.201439729,0.369530188,0.091802385,0.028409091
25,50.44,-0.24,19.797053653,45171,0.210139573,0.374552381,0.056398810,0.027777778
209,47.334928230,-0.038277512,18.446199711,43512,0.182927684,0.330949041,0.081882588,0.039473684
281,50.551601423,-0.177935943,18.914610923,44805,0.185876742,0.346516124,0.076999583,0.030092593
55,42.272727273,0.218181818,18.732477783,44307,0.099224913,0.200771074,0.027392977,0.030303030
106,47.839622642,-0.103773585,17.401771553,45669,0.111868301,0.215729518,0.034989036,0
6,61.333333333,-0.666666667,13.261473020,44638,0.296875,0.486666667,0.190476190,0.041666667
35,50.828571429,-0.114285714,16.484369984,44065,0.222907473,0.374929607,0.127212740,0.112068966
485,49.276288660,-0.140206186,17.303141723,45373,0.142621512,0.269280509,0.061128588,0.019333333
27,46.037037037,-0.111111111,15.430941647,44084,0.184389763,0.339118166,0.083930163,0.034090909
1,70,-1,,43721,0.484375,0.88,0.257142857,0
6,55,-0.166666667,20.765355764,45890,0.208512759,0.383174603,0.106597222,0
667,44.061469265,0.053973013,17.392245682,45231,0.107020629,0.210475217,0.036594246,0.011061947
8,48.75,0,27.048897522,44454,0.280730221,0.487386364,0.159204371,0
3,73,0.333333333,19,45776,0.3125,0.533333333,0.190476190,0
452,32.075221239,0.305309735,16.957847994,44074,0.203003275,0.313877229,0.079431834,0.067982456
18,41.777777778,0,16.909988540,44629,0.190879392,0.358946574,0.077711704,0.104166667
20,51.5,-0.25,19.113235976,45347,0.153849882,0.292044372,0.058791937,0.132352941
4,46.5,0,12.476644848,43735,0.0390625,0.1,0,0
229,52.021834061,0.091703057,19.198054866,43617,0.151167018,0.288152870,0.053509173,0.012784091
86,46.825581395,-0.139534884,18.830633278,45320,0.156533543,0.299659048,0.064597962,0.020161290
17,45.176470588,-0.117647059,17.959103869,43772,0.293933985,0.512759953,0.160033090,0.0625
28,55.607142857,0,14.234385300,44428,0.182203619,0.349904306,0.081972789,0
37,55.621621622,-0.270270270,22.064742302,44827,0.256676764,0.451413537,0.135227359,0.112068966
6,42.5,0,20.579115627,43029,0.228639069,0.320634921,0,0
11,51.818181818,-0.454545455,20.336264071,43014,0.231912879,0.399393939,0.129004329,0
397,45.430730479,-0.027707809,16.139491772,45039,0.131832857,0.244896173,0.048188812,0.026402640
297,37.484848485,0.121212121,13.333834962,45209,0.085621464,0.178862295,0.024199139,0.009740260
61,55.475409836,-0.196721311,15.758179418,44432,0.204849435,0.358920680,0.115463354,0.004464286
452,36.409292035,0.176991150,12.165641795,44113,0.086289023,0.170722126,0.031652126,0.005733945
631,42.416798732,0.172741680,16.473518043,43219,0.065588480,0.128804411,0.022038637,0.004146919
15,46,-0.4,18.295198433,45863,0.235269608,0.406333333,0.060487528,0
3,50,0,16.522711642,43456,0.197916667,0.386666667,0.085714286,0
2,48,-0.5,22.627416998,45620,0.1171875,0.22,0.057142857,0
15,53.066666667,0,18.877298031,44086,0.244265351,0.411180375,0.144473304,0
19,43.526315789,0.105263158,16.631190313,43723,0.156116898,0.311325760,0.053325616,0.057692308
755,43.921854305,0.037086093,17.143271658,43204,0.085375384,0.167129743,0.024826138,0.008183033
606,43.539603960,0.158415842,17.633296336,44102,0.091633556,0.176730879,0.035376693,0
238,49.478991597,-0.100840336,18.369323511,44601,0.171179955,0.327535558,0.067173294,0.047551789
22,48.727272727,0.045454545,20.333368817,45872,0.187808555,0.333244949,0.090336134,0.1
1,29,0,,43350,0,0,0,
19,53.315789474,-0.263157895,15.308141013,43107,0.255311955,0.452310146,0.128714835,0.143518518
5,35,-0.4,11.958260743,43548,0.389849291,0.526385965,0.135714286,0.125
9,59.222222222,0,14.906188126,44702,0.014477401,0.027439614,0.006734007,0
4,51.25,-0.75,26.849891372,43778,0.356097342,0.637179487,0.179411765,0
24,47.208333333,-0.25,17.062491705,45302,0.196157082,0.380693347,0.073881674,0.0375
41,52.585365854,0.048780488,18.462090361,44683,0.204040922,0.369572281,0.101880081,0.044117647
6,49.5,-0.166666667,22.915060550,44276,0.185185185,0.353333333,0.071428571,0.0625
2,60.5,-0.5,20.506096654,43126,0.3125,0.48,0.214285715,0.125
2,38.5,-0.5,21.920310217,44825,0.171875,0.34,0.071428571,0
19,46.894736842,-0.052631579,19.110482106,45167,0.123983542,0.242083998,0.046798029,0.041666667
85,52.329411765,-0.035294118,18.507005260,44905,0.141871379,0.274388077,0.056050420,0.033582090
1532,43.097258486,0.148825065,17.303237569,44310,0.043448571,0.083199254,0.014663310,0.004921260
623,47.804173355,0.003210273,17.151495822,44011,0.140171228,0.269108273,0.047308015,0.017171717
27,48.555555556,-0.259259259,18.009256879,43412,0.190911542,0.366741623,0.076575277,0
1253,49.099760575,0.114126097,18.160592846,44124,0.127673707,0.246233169,0.046768171,0.001519757
1407,45.633972992,0.090973703,17.509852867,43230,0.128048995,0.236303689,0.047209979,0.011928429
17,42.411764706,-0.235294118,11.900939162,43469,0.171952109,0.313168108,0.089279348,0
32,53.0625,0.03125,22.086249554,44452,0.237364037,0.378628472,0.095238095,0.020833333
1,36,0,,45778,0.103448276,0.272727273,0,0
367,50.376021798,-0.079019074,19.210091624,43302,0.149837192,0.284909486,0.060256291,0.008865248
150,43.246666667,0.246666667,16.946396606,45229,0.134721464,0.263949861,0.048907242,0.029702970
3,52.666666667,-0.333333333,15.885003410,43115,0.0625,0.146666667,0.009523810,0
3,76.333333333,1,2.516611478,43540,0.427083333,0.72,0.238095238,0.25
12,49.833333333,0.083333333,18.867159218,44826,0.140934180,0.314664855,0.030952381,0
9,44.555555556,0.111111111,12.258783699,43406,0.115046296,0.233768116,0.038095238,0
106,50.132075472,-0.028301887,18.416387874,45690,0.161433113,0.317395355,0.063720628,0.012048193
283,48.222614841,0.074204947,19.311461270,44017,0.170760061,0.307426434,0.073735066,0.025943396
10,53.1,-0.2,21.885814787,43773,0.221314484,0.425357143,0.091428571,0
7,41.857142857,-0.142857143,18.243067829,44032,0.154336735,0.315714286,0.044897959,0
2,47,0.5,38.183766184,45321,0.3578125,0.67,0.157142857,0.25
77,45.545454545,-0.064935065,17.651260172,43138,0.176008516,0.332915037,0.057771672,0.049107143
861,45.764227642,-0.012775842,17.563940935,43551,0.125870759,0.243924957,0.041244363,0.005307856
11,54.545454545,-0.636363636,17.778434331,44628,0.525184275,0.752727273,0.315776397,0.361111111
2,59,-1,12.727922061,45346,0.3359375,0.68,0.128571429,0
5,42.8,0.2,29.969984985,43734,0.304375,0.405333333,0.037012987,0
6,47.666666667,-0.166666667,14.486775579,45775,0.197916667,0.373333333,0.090476190,0.05
1,52,-1,,43323,0.390625,0.72,0.2,0
45,35.866666667,0.111111111,14.761128314,45232,0.094570881,0.172269288,0.035430746,0.0125
40,58.825,-0.25,17.429546826,44473,0.247050310,0.413876125,0.151367695,0.035714286
16,56.1875,-0.5625,14.325821675,43844,0.183007813,0.340869565,0.091176471,0
8,57.625,-0.5,21.030165409,43720,0.250887784,0.53,0.071428571,0
124,51.725806452,-0.209677419,19.542465210,45891,0.175204386,0.309265309,0.087120864,0.020202020
51,53.352941176,-0.235294118,17.908460045,44618,0.267355855,0.445893720,0.138981352,0.077380952
17,56.529411765,-0.294117647,17.948250775,44085,0.211702737,0.390259104,0.103116246,0.05
2,38,-0.5,21.213203436,45372,0.150520834,0.331428571,0.028571428,0
12,45.166666667,-0.333333333,13.422053314,43071,0.245847843,0.421964286,0.146428571,0.025
764,44.119109948,0.087696335,16.753011153,44221,0.086080224,0.172330659,0.029236001,0.002028714
17,53.235294118,-0.529411765,16.902401500,44064,0.226386493,0.432561589,0.104300544,0
423,45.768321513,-0.099290780,16.614909047,45036,0.160068272,0.281708316,0.067719202,0.040372671
14,41.142857143,-0.142857143,18.538347544,44411,0.124634297,0.241388889,0.053767959,0
45,57.288888889,-0.222222222,21.488498215,43910,0.326616636,0.530771605,0.185330688,0.194444444
12,41.083333333,-0.416666667,18.802602979,44804,0.277893093,0.389537037,0.138946111,0.071428571
166,52,0.132530120,19.230972493,44420,0.199020501,0.347384838,0.104178927,0.084645669
66,42.030303030,-0.030303030,17.326697672,45810,0.144996864,0.267867653,0.043622309,0.075
1,89,0,,45051,0.171875,0.32,0.085714286,0
15,45.866666667,0.133333333,13.458224605,45723,0.126407340,0.255301170,0.044597701,0.025
23,48.391304348,-0.217391304,19.782313337,44846,0.278456119,0.478985362,0.161246000,0.015625
13,45.384615385,0,24.026160955,45144,0.112461325,0.237004155,0.026373626,0
13,56.384615385,-0.230769231,20.826819494,43948,0.182291667,0.302692308,0.109890110,0.045454545
3,56.666666667,0,19.857828011,44093,0.346306818,0.567619048,0.209523810,0.166666667
1,27,0,,45899,0.12,0.181818182,0.071428571,
3,54.666666667,-0.333333333,9.291573243,45745,0.151041667,0.36,0.019047619,0
9,43.888888889,-0.333333333,19.029217302,43333,0.231930231,0.455696649,0.074882422,0
187,49.673796791,0.208556150,19.543046175,44446,0.184800417,0.316012491,0.099039930,0.087591241
72,33.125,0.208333333,14.991018438,45207,0.129105454,0.239079639,0.034760431,0.06
30,46.166666667,-0.466666667,15.058697414,43522,0.260536612,0.452844720,0.112643678,0.043478261
13,57.769230769,0.076923077,21.264813841,44672,0.150209325,0.276808409,0.073924482,0.027777778
43,53.860465116,-0.232558140,17.358381255,44287,0.150403055,0.299482126,0.056958256,0.027027027
10,53.2,0,15.774804102,43504,0.4078125,0.516,0.088888889,0.027777778
18,46.5,-0.222222222,15.259519690,44402,0.200025246,0.383853276,0.079960317,0.057692308
43,54.255813953,0,32.399362886,44813,0.191366199,0.381004838,0.069281715,0.030303030
592,47.148648649,-0.155405405,17.166789985,45840,0.146710841,0.256564766,0.071833692,0.040909091
616,49.540584416,0.040584416,19.099099089,44134,0.170983214,0.284416782,0.095115203,0.048520924
250,46.908,0.22,18.983070454,44137,0.145284605,0.269066968,0.063659825,0.004143646
2,60.5,0.5,7.778174593,45408,0.4140625,0.8,0.185714285,0
2,66.5,0,27.577164466,43937,0.2109375,0.38,0.1,0.125
164,51.292682927,-0.048780488,22.983850188,44721,0.216003600,0.388522359,0.102984009,0.097222222
56,48.017857143,-0.142857143,18.474051651,43571,0.182252980,0.363720845,0.064606512,0.011627907
2,30.5,0,3.535533906,43084,0,0,0,0
5,55,0.6,24.124676164,45766,0.35,0.64,0.142857143,0
781,49.914212548,0.061459667,19.042302848,45241,0.140645820,0.269968921,0.044471180,0.025519031
19,55.315789474,-0.315789474,13.383458412,43314,0.219742514,0.430047847,0.094736842,0
293,52.716723549,0.047781570,19.479484119,44708,0.180153412,0.322658674,0.077551273,0.058695652
13,47.538461538,-0.153846154,16.641391091,44251,0.215396017,0.324273504,0.066666667,0.15
78,50.858974359,-0.089743590,18.357718472,43558,0.200603232,0.366910867,0.094250970,0.061475410
3,49,0,12.124355653,45727,0.229071970,0.479365079,0.077083333,0
1,72,1,,44005,0.171875,0.4,0.028571429,0
366,46.172131148,0,17.659810866,44312,0.124385084,0.239897501,0.043110012,0.014687101
2,34,-0.5,14.142135624,45678,0.15625,0.36,0.028571428,0
195,48.184615385,-0.051282051,18.243676188,44903,0.144951190,0.274364643,0.054190849,0.028169014
1,42,0,,44659,0,0,0,0
129,50.062015504,-0.124031008,18.477076988,44044,0.218518341,0.391483830,0.081252100,0.020408163
5,49.6,-0.6,24.398770461,45317,0.281631098,0.473,0.165714286,0.166666667
14,49,-0.142857143,17.558692785,43150,0.251711309,0.410396825,0.085920330,0.083333333
42,47.5,-0.047619048,14.690713841,45174,0.167864396,0.337330749,0.064157049,0.006578947
14,46.714285714,-0.285714286,18.619380191,43517,0.183456003,0.368063812,0.066548358,0.027777778
55,58.527272727,0.018181818,20.270261510,43906,0.208247655,0.364503739,0.113073593,0.032608696
331,54.697885196,0.123867069,19.006361656,44514,0.249510626,0.422699555,0.136394284,0.013489209
9,42.888888889,-0.111111111,11.218783852,43360,0.129111436,0.232878788,0.063678805,0.0625
358,48.136871508,-0.108938547,18.277375255,45013,0.156908833,0.288119190,0.061390158,0.014492754
3,32.333333333,0.333333333,13.576941236,45788,0.399242424,0.463492063,0.042857143,0
407,29.412776413,0.164619165,11.017300945,45219,0.106616344,0.196190303,0.032610747,0.008620690
7,51.857142857,0,14.380873541,43067,0.183717237,0.362857143,0.075039246,0
25,50.52,0,17.800093633,44217,0.090048321,0.219281551,0.008000000,0
11,47.545454545,-0.727272727,18.123816576,44853,0.241864460,0.475101010,0.093506494,0.0625
10,47.6,-0.1,18.246460844,43464,0.229081349,0.391705628,0.02875817,0
33,52.393939394,-0.181818182,18.484688586,45628,0.196433728,0.366647427,0.071293290,0.064814815
24,51.125,-0.125,18.972090486,45123,0.188901991,0.378284161,0.063095238,0.0875
4,62.5,-0.5,16.901676445,43840,0.300905258,0.53,0.171638655,0
541,45.114602588,0.024029575,17.503380342,45236,0.135761074,0.258968441,0.041752020,0.015883377
11,49.090909091,-0.363636364,17.154909183,45771,0.133057268,0.253675889,0.048917749,0.064814815
10,58.7,-0.1,16.384613378,43730,0.234260671,0.44375,0.111428572,0
5,59.4,-0.4,20.501219476,44624,0.316,0.564363636,0.165714286,0.0625
1,68,-1,,45350,0.515625,0.84,0.285714286,0.5
35,48.542857143,-0.257142857,18.438040691,43025,0.233431820,0.405578231,0.097179781,0.046296296
19,44.526315789,-0.526315789,14.400495443,45325,0.296560731,0.498045113,0.175250627,0.057692308
106,47.632075472,-0.207547170,18.460937123,44667,0.170625708,0.297007905,0.070025120,0.053797468
1,22,0,,43142,0,0,0,
149,49.624161074,-0.248322148,17.593563208,45822,0.194048297,0.346068387,0.089748611,0.099576271
34,51.029411765,-0.235294118,16.087799432,43143,0.175990327,0.308441134,0.069171422,0.008620690
16,49.25,0.125,19.244046698,44666,0.206975446,0.423766234,0.055357143,0.020833333
537,45.474860335,-0.046554935,19.269200088,45324,0.112763860,0.208998183,0.041381052,0.009365994
1,62,0,,43768,0,0,0,0
1,66,0,,44690,0.1875,0.44,0.028571429,0
662,43.370090634,0.024169184,15.779701615,43119,0.087668819,0.172874602,0.024738794,0.012186380
2,62.5,1,6.363961031,43536,0.234375,0.48,0.085714286,0
5,55.4,0.6,7.635443668,44625,0.20625,0.4,0.062857143,0.25
15,38.6,0,18.094197965,43731,0.125587209,0.253064182,0.046995010,0
18,58.777777778,-0.111111111,18.916396733,44866,0.315516128,0.585892256,0.145543346,0.083333333
31,53.290322581,-0.064516129,19.031891741,43968,0.204389236,0.371057737,0.099539171,0.064814815
43,53.232558140,-0.116279070,17.167018780,43465,0.175567417,0.334831706,0.068804964,0.129901961
9,46.111111111,-0.111111111,15.870132675,45629,0.132523148,0.264615385,0.049206349,0
62,52.564516129,-0.290322581,17.000116651,45122,0.181331464,0.363135914,0.065472366,0.019230769
59,45.338983051,-0.237288136,17.140001780,44231,0.224818890,0.404808011,0.073334465,0.041666667
56,42.660714286,-0.017857143,18.927879184,45218,0.209343110,0.383994316,0.096739837,0.007142857
72,50.222222222,0.041666667,18.427033281,43619,0.169850596,0.324530610,0.057875209,0.013392857
2,60,0,53.740115370,43036,0,0,0,0
45,51.4,0.022222222,19.049457162,43907,0.204102998,0.314661468,0.079269294,0.022727273
17,56.647058824,0,19.235192930,43516,0.210187693,0.359495798,0.115966387,0.125
314,49.398089172,0.105095541,20.427635767,44146,0.159595357,0.293331158,0.070681510,0.002242152
1,22,0,,45435,0,0,0,
30,49.8,-0.3,20.045465563,45828,0.279388794,0.512107730,0.108992051,0
242,53.231404959,0.128099174,20.032239712,44004,0.191417647,0.329891276,0.098936072,0.052083333
16,49.6875,-0.5,19.496046608,45679,0.228157222,0.415211368,0.115376673,0
34,45.823529412,0.117647059,17.775486335,44902,0.125216094,0.227989535,0.058872961,0.06
417,48.585131894,0.187050360,19.363627420,44313,0.168045390,0.314420896,0.071151420,0.029605263
114,49.359649123,-0.017543860,18.510043766,45152,0.197783306,0.328828247,0.091667243,0.065217391
23,52.782608696,-0.217391304,18.983142095,44822,0.216394296,0.423007246,0.081987578,0.052631579
158,49.835443038,-0.044303797,19.639703955,44709,0.181373453,0.333580195,0.077518065,0.034604520
6,52,0.166666667,18.729655630,44250,0.243695175,0.453636364,0.120779221,0
16,43.625,-0.0625,17.787167659,43340,0.093992305,0.198851496,0.019699248,0
461,48.325379610,0.021691974,18.605351793,45255,0.166605634,0.319529598,0.062530712,0.007225434
21,55.428571429,-0.142857143,19.956381006,43570,0.301993146,0.491611722,0.176530612,0.25
705,48.676595745,0.124822695,19.007932847,43085,0.171117365,0.319558578,0.063539769,0.039122137
589,48.550084890,-0.056027165,18.809362831,44720,0.176896288,0.321775100,0.066621072,0.046037296
31,44.580645161,0.258064516,18.169157371,44507,0.104676439,0.178900410,0.059208119,0.023809524
3,45.666666667,0,21.221058723,45741,0.120330460,0.281818182,0.009523810,0.125
88,40.715909091,0.056818182,16.596599059,45409,0.105687742,0.199258747,0.043581677,0.009615385
2,73.5,-1,19.091883092,45854,0.3984375,0.66,0.257142857,0
783,50.045977011,0.048531290,18.619433541,44136,0.141591382,0.263070864,0.058735891,0.003756260
34,50.529411765,-0.235294118,19.929018425,43162,0.187943820,0.358284314,0.083799764,0.010416667
5,37.8,0.2,12.275992832,43749,0.130615602,0.242793651,0.062857143,0
96,53.260416667,0.114583333,20.036936835,44647,0.205793420,0.396945383,0.082210632,0.051111111
453,48.750551876,0.013245033,18.106055089,44056,0.135368348,0.259784313,0.051785853,0.006091618
8,57.875,-0.375,16.548090093,43505,0.357793899,0.665,0.178781513,0
30,53.133333333,0,17.876459831,44403,0.265403874,0.481674881,0.134504876,0.03125
42,46.380952381,-0.261904762,18.766800448,45833,0.181325900,0.312624941,0.077684588,0
233,47.214592275,0,18.947667310,45430,0.171695836,0.300897475,0.077191769,0.020061728
230,38.647826087,0.173913043,13.946634709,45206,0.100179930,0.205501955,0.029884884,0.020161290
165,43.733333333,-0.133333333,18.398745097,45801,0.111026968,0.217942103,0.042625278,0.009615385
607,47.626029654,0.009884679,17.020959160,44202,0.148502776,0.262530733,0.050625975,0.016384778
213,36.389671362,0.164319249,17.286795222,43607,0.112139120,0.199369944,0.042080033,0.033707865
32,52,-0.3125,18.388285191,45744,0.214736381,0.416344697,0.092351153,0
7,46.714285714,-0.285714286,21.522966692,43332,0.171842013,0.310476191,0.081632653,0.125
1607,28.692594897,0.124455507,12.219101421,44106,0.108909444,0.193427279,0.019126518,0.003496503
2,40.5,0,0.707106781,45884,0.171875,0.4,0.028571428,0
6,48.666666667,-0.666666667,23.001449230,45898,0.338541667,0.5,0.091428572,0
41,50.170731707,-0.024390244,21.126881501,43713,0.209951616,0.385553824,0.075503924,0.011904762
245,50.444897959,0.040816327,19.494693070,44092,0.151663249,0.297530815,0.050615868,0.067204301
251,48.362549801,-0.211155378,17.724108775,45365,0.165955139,0.294433821,0.071261767,0.027923211
8,51.375,-0.125,24.313062333,44611,0.305814914,0.492771739,0.186239496,0.3
1,34,0,,43437,0.169811321,0.35,0.0625,0
13,44,-0.076923077,13.235054464,43986,0.248458457,0.499169644,0.096365173,0
10,53.7,-0.4,18.306343770,45657,0.154199661,0.293590909,0.069523810,0
16,52.75,-0.4375,16.502525059,44880,0.234650237,0.41515625,0.1175,0.115384615
15,47.733333333,0,18.979186595,43793,0.220523291,0.411878788,0.084502165,0.121794872
9,49.444444444,-0.222222222,16.986105433,45682,0.121954776,0.264011639,0.034920635,0
2687,46.948641608,-0.008559732,16.999747190,45069,0.112102733,0.220229824,0.032350296,0.034609053
70,49.542857143,0.071428571,19.488150033,45216,0.160226323,0.290296401,0.047663816,0.043859649
1254,44.177033493,-0.009569378,17.245532139,45014,0.074611520,0.154019942,0.019296978,0.016156463
19,44.684210526,-0.210526316,18.147704573,44645,0.246527778,0.424912281,0.073313492,0
121,49.545454545,-0.206611570,19.370080020,45331,0.161475293,0.296212668,0.068120549,0.03125
125,51.16,-0.168,18.521304211,43160,0.131793254,0.256706698,0.045992706,0
386,48.777202073,-0.085492228,18.643256458,44685,0.193992804,0.350363625,0.078802004,0.042955326
2,31,0,8.485281374,43535,0.116666667,0.207729468,0.060160428,0
16,46.25,-0.1875,17.755750242,44656,0.146958585,0.293583188,0.054464286,0.022727273
57,45.017543860,-0.438596491,18.028242950,45318,0.255648295,0.456821737,0.105990123,0.012195122
73,54.780821918,-0.164383562,19.559912644,44047,0.288799846,0.454812781,0.145872127,0.125
26,54.230769231,-0.307692308,23.336336803,43762,0.230141715,0.399000167,0.125679945,0.071428571
12,63.5,-0.333333333,13.601470509,43149,0.252604167,0.467142857,0.123953824,0.041666667
229,51.161572052,0.004366812,19.079821001,44001,0.172663541,0.317664966,0.077417653,0.069602273
2,68.5,0,24.748737342,45674,0.015625,0.04,0,0
16,54.8125,0.125,18.465169915,44843,0.225572237,0.414895833,0.111293828,0.038461538
9,48,-0.222222222,18.445866746,43945,0.176866320,0.350625,0.071428571,0
9,54.888888889,0.111111111,8.852181150,43557,0.263888889,0.493333333,0.130158730,0
207,47.120772947,-0.072463768,18.069442730,45245,0.113173667,0.218001581,0.041218545,0.004901961
6,68,-0.666666667,4.647580015,45003,0.380208333,0.66,0.219047619,0.041666667
10,50,0.1,24.684678109,43318,0.369064109,0.435190476,0.068322981,0.083333333
323,46.746130031,0.030959752,18.291054619,44223,0.146443435,0.281614269,0.050709300,0.011752137
44,50.568181818,0.045454545,17.136114085,43938,0.224567050,0.372035465,0.133954695,0.080882353
18,44.444444444,-0.111111111,20.135488782,45142,0.123982162,0.251535088,0.041269841,0
9,68.111111111,0.444444444,16.751451015,45851,0.319772898,0.579365079,0.168253968,0.03125
430,50.613953488,-0.053488372,18.147152729,44141,0.163792549,0.304669215,0.070495865,0.010174419
91,48.505494505,-0.054945055,18.721570225,45680,0.128296738,0.256850294,0.047850218,0
424,50.313679245,-0.002358491,19.183774706,44406,0.181126054,0.330353415,0.075478265,0.006191950
5,45,0.2,17.986105749,43915,0.184625,0.346989899,0.068571429,0.166666667
1813,43.306122449,0.026475455,15.645089329,43004,0.056487842,0.110360973,0.016137821,0.002650634
39,45.102564103,-0.307692308,19.246045215,43526,0.206497597,0.367190006,0.095456178,0.035714286
16,55.75,-0.125,23.222115896,44676,0.243670622,0.418310440,0.133928571,0.145833333
3,44,-0.333333333,22.912878475,43565,0.182291667,0.333333333,0.085714286,0.125
526,45.452471483,0.134980989,18.830993287,44240,0.160404177,0.288484341,0.071911736,0.045279383
49,45.326530612,-0.224489796,15.914338078,43334,0.217677671,0.379725964,0.088081710,0.033783784
313,52.367412141,0.060702875,19.100673535,44484,0.168529868,0.306950052,0.071538891,0.058467742
3,77,-1,17.578395831,45746,0.359375,0.666666667,0.180952381,0
9,39.555555556,-0.222222222,21.772178986,45887,0.232535121,0.386807760,0.111507937,0.0625
256,42.5078125,0.16796875,17.192563871,44105,0.126833394,0.246901561,0.046011234,0.001533742
169,42.088757396,0.112426036,17.465556008,43211,0.079914745,0.160851879,0.022363775,0.004716981
132,56.098484848,-0.106060606,17.971928853,44089,0.211894473,0.380392825,0.102305567,0.030973451
6,40.833333333,-0.166666667,10.703581955,45360,0.099479167,0.205925926,0.024675325,0
12,53.416666667,-0.083333333,18.874987457,43716,0.195363292,0.346782233,0.090873016,0.21875
170,46.252941176,-0.164705882,17.417281007,44614,0.195337378,0.345615001,0.078573395,0.039713542
1,31,-1,,43951,0.108695652,0.166666667,0.071428571,
196,42.153061224,0.25,17.330780112,45417,0.125042410,0.245315682,0.047581727,0.023809524
60,55.683333333,-0.4,17.867204752,45846,0.255710428,0.505113681,0.099660646,0
190,43.868421053,0.226315789,19.334935693,44128,0.136315505,0.259872469,0.052515519,0.002173913
9,39.888888889,0.111111111,13.932376363,45814,0.292824074,0.477936508,0.079141692,0
12,54.75,0.5,25.338167402,43901,0.320674577,0.514583333,0.128860029,0
2367,46.401774398,0.071398395,16.998718471,43017,0.138747770,0.266651775,0.037228523,0.005202475
4,30,0,11.430952133,43802,0.067795139,0.16625,0,0
139,42.848920863,0.122302158,17.166665401,45410,0.094979135,0.190358828,0.030605893,0.014367816
1950,46.475384615,0.113333333,16.837836380,44139,0.134465610,0.236549731,0.049687127,0.002363268
5,52.2,0,11.031772296,45853,0.183297414,0.381090909,0.064242424,0
5,43.8,-0.6,12.696456198,45354,0.129166667,0.208064777,0.082105263,0
463,49.252699784,-0.017278618,17.864172113,44067,0.120724022,0.238302657,0.045807869,0.006320225
1,73,0,,43981,0.03125,0.08,0,0
11,50.363636364,0.363636364,23.070642502,43442,0.18675877,0.355329232,0.080952381,0.0625
97,43.608247423,-0.226804124,18.273134139,45638,0.215578973,0.392415902,0.079931190,0.081967213
20,42.1,-0.2,17.035257556,45113,0.213469591,0.395275253,0.093893557,0
1,74,1,,44493,0.5625,0.84,0.428571429,0
42,54.333333333,-0.071428571,17.723715223,45252,0.222790120,0.433338106,0.095918367,0
7,43.857142857,0,16.767315144,43343,0.212987013,0.502857143,0.024489796,0
8,53,-0.5,13.136644494,43824,0.195951184,0.398005952,0.071533613,0.035714286
34,52.176470588,-0.147058824,15.238449353,43431,0.251589102,0.452328107,0.137384837,0.017241379
44,48.909090909,-0.295454545,18.562049533,44890,0.175792113,0.320877721,0.088367999,0
5,23,0,1.414213562,44325,0,0,0,
41,47.780487805,-0.024390244,19.152691972,45651,0.165555016,0.340673209,0.055171840,0
31,55.419354839,-0.290322581,18.172826222,43028,0.151110567,0.292375367,0.064570344,0.019230769
27,54.222222222,0.185185185,19.692508012,43416,0.265334422,0.476812570,0.130383511,0.056818182
126,50.182539683,0.087301587,19.337176958,44314,0.157430026,0.290978141,0.069658213,0.053191489
13,52.307692308,0.153846154,16.494365782,44429,0.148705841,0.280213675,0.070588235,0
188,50.781914894,-0.186170213,17.794738529,45042,0.180725953,0.334809976,0.080005950,0.058333333
2,93,-1,0,45819,0.46875,0.68,0.342857143,0.25
2,71,-0.5,24.041630560,45062,0.2421875,0.36,0.171428571,0.125
131,45.091603053,0.167938931,17.027782900,44303,0.170998577,0.324531734,0.073017425,0.024456522
170,49.888235294,0.041176471,19.122599856,43616,0.155670791,0.318745568,0.050199604,0.023255814
43,40.627906977,0.186046512,17.927131946,43222,0.091990902,0.184821445,0.031678509,0
415,48.872289157,0.096385542,19.236026444,44116,0.169485723,0.307855245,0.069731933,0.005838641
148,42.608108108,0.162162162,17.951800598,45405,0.116438326,0.222427720,0.047870884,0.019662921
14,42.785714286,-0.214285714,17.178602842,45858,0.129247835,0.220769231,0.072789116,0.03125
7,46.857142857,-0.285714286,15.582346544,44455,0.113952551,0.252746070,0.028818800,0
392,48.617346939,0.058673469,18.659597206,45230,0.160781404,0.307060299,0.059780187,0.015625
1041,42.898174832,-0.013448607,16.342229585,43062,0.069777216,0.123563751,0.027532724,0.012633287
687,49.633187773,-0.007278020,17.698048982,44212,0.164712411,0.290018593,0.078659979,0.027474196
26,44.538461538,-0.346153846,17.456759766,43072,0.157161691,0.281767399,0.080228642,0
20,48.55,0.1,14.869520220,44127,0.073524306,0.1525,0.024285714,0
1949,45.091328887,0.168291432,16.880996439,43229,0.058760861,0.113777202,0.020430629,0.003533569
23,49.130434783,-0.260869565,14.514269931,45865,0.181066443,0.362130218,0.065699618,0.073529412
308,40.139610390,0.042207792,15.686982586,44306,0.074372060,0.147203155,0.020674027,0.010638298
5,43.8,0.2,15.770225109,43408,0.1125,0.192,0.078571429,0.0625
177,48.830508475,-0.152542373,17.632117398,43140,0.191070982,0.333537300,0.088192531,0.132692308
47,48.978723404,-0.319148936,19.587584091,45327,0.305056991,0.462456480,0.150943479,0.0625
5,65.2,0.2,11.031772296,43771,0.25625,0.496,0.114285714,0
215,48.093023256,0.051162791,17.091854585,43125,0.142493435,0.250450680,0.062247785,0.026234568
2,70,-1,0,43530,0.515625,0.84,0.342857143,0
27,50.703703704,-0.185185185,18.142204969,44680,0.217348337,0.410493827,0.095428609,0
1,60,0,,43782,0.046875,0.12,0,0
2045,44.929095355,0.044009780,16.640622948,43026,0.126933075,0.236473346,0.041151833,0.017869299
1,76,-1,,45734,0.4375,0.68,0.285714286,0.25
26,41.769230769,-0.230769231,15.129594026,43821,0.224839855,0.339742518,0.055629651,0
1,61,0,,43711,0.015625,0.04,0,0
1,80,1,,45876,0.4375,0.84,0.2,0
81,51.395061728,0.370370370,20.229112074,45387,0.220125082,0.378982107,0.110719874,0.008196721
120,50.5,-0.2,19.478926342,45631,0.163443398,0.302353062,0.054743191,0
1,66,1,,43467,0.4375,0.84,0.2,0
12,58.5,-0.333333333,21.398810502,44854,0.259493371,0.506839200,0.096187850,0.159090909
17,44.764705882,0.058823529,16.603950628,45120,0.146433824,0.314607619,0.038515406,0
21,46.285714286,-0.285714286,19.066050606,45135,0.258424996,0.447614870,0.098620690,0.033333333
63,50.158730159,0.142857143,19.656900905,43460,0.194455409,0.359266033,0.078120906,0.010869565
10,40,0.3,10.413666235,43963,0.1493125,0.296565657,0.052857143,0.035714286
8,61,-0.125,12.142016778,45616,0.25390625,0.475,0.125000000,0
136,47.117647059,-0.051470588,19.197630573,44857,0.180212593,0.328711750,0.076130819,0.0234375
5,33.2,-0.6,3.420526275,45860,0.293278382,0.519597070,0.156885488,0
97,44.123711340,0.041237113,15.688542616,45403,0.108372234,0.201828877,0.039323385,0.010714286
428,48.056074766,0.084112150,20.821346359,44114,0.050218522,0.101724515,0.014147537,0.000877193
2,42.5,-0.5,17.677669530,45719,0.078125,0.18,0.014285714,0
3,48.666666667,0,25.324559884,43804,0.188125,0.380606061,0.066666667,0
243,46.543209877,-0.020576132,19.090941158,45449,0.127135642,0.237899442,0.051477339,0.032934132
2,34,0.5,2.828427125,43010,0.100574713,0.206937799,0.032392895,0
65,43.384615385,-0.123076923,18.032689334,45309,0.201017694,0.332352397,0.092280333,0.030487805
2,80,-0.5,11.313708499,45698,0.2109375,0.42,0.085714286,0
6,56.333333333,-0.166666667,16.573070526,43109,0.174479167,0.326666667,0.085714286,0
173,49.693641618,0.028901734,18.534500044,44054,0.159248065,0.267159070,0.063871752,0.090579710
1,62,0,,43156,0.203125,0.4,0.085714286,0
16,53.25,-0.5625,13.010252368,43755,0.276944875,0.513695652,0.137608225,0.015625
9,43.333333333,-0.111111111,20.663978320,45653,0.114399040,0.246060606,0.033381434,0
463,46.053995680,0.056155508,17.769303881,43213,0.111941860,0.213130421,0.041072763,0.027027027
7,48.714285714,-0.285714286,17.394580437,45881,0.155414747,0.292619048,0.061344538,0.083333333
13,45.538461538,-0.384615385,19.674922213,45382,0.157014860,0.28,0.078754579,0.083333333
750,45.130666667,0.042666667,17.683434754,44111,0.095046033,0.183462389,0.034575332,0.001482213
26,53.769230769,-0.076923077,17.842214419,43046,0.250537583,0.419912008,0.141248947,0.141304348
121,43.768595041,0.173553719,17.104950712,43609,0.096056307,0.184770539,0.039286990,0.0125
396,44.351010101,0.111111111,17.188030100,45215,0.154156515,0.290937849,0.049899682,0.004813478
21,49.571428571,0.190476190,18.117868055,44438,0.135250272,0.252515705,0.064594929,0
40,53.45,-0.5,17.688109870,45843,0.254904414,0.455632576,0.115766690,0.014705882
830,50.142168675,0.034939759,18.461946129,44133,0.152845546,0.279511448,0.070871858,0.003030303
246,46.715447154,0.016260163,17.771575711,45420,0.148168827,0.279289882,0.056962252,0.018678161
235,41.782978723,0.042553191,20.140312502,43023,0.221338568,0.376078951,0.087324414,0.058712121
103,45.621359223,0,15.412699440,45065,0.094075381,0.193468879,0.027492375,0.015243902
26,51.384615385,-0.307692308,20.867346593,44288,0.201220057,0.377430756,0.087912088,0.0875
9,47.222222222,-0.333333333,14.592616093,45686,0.113228346,0.255925926,0.022502334,0
28,51.5,-0.142857143,18.554224836,44445,0.139379750,0.250257846,0.036072207,0
49,41.877551020,0.020408163,17.886951311,45204,0.113378310,0.228197509,0.038013356,0.027777778
24,46.791666667,0.041666667,21.552724365,45661,0.152648790,0.282430556,0.078433402,0.016666667
44,44.772727273,0.25,19.624218114,43610,0.122087443,0.224955605,0.058350167,0.053571429
17,46.823529412,0,20.168773184,43045,0.237193627,0.409914748,0.121156698,0.057692308
1,36,1,,44874,0.120689655,0.272727273,0.03030303,0
33,55.030303030,-0.151515152,16.563296865,43447,0.197365680,0.368430458,0.087445887,0.107142857
13,64.769230769,-0.076923077,16.976227723,43976,0.252804487,0.525,0.082417583,0
182,46.071428571,0.252747253,18.211475865,44320,0.153378472,0.297903684,0.052332510,0.033464567
4,56.75,-0.25,13.149778198,45654,0.23828125,0.46,0.1,0.0625
7,56.285714286,-0.571428571,17.913814834,45339,0.389030612,0.689047619,0.200765306,0.125
34,48.058823529,0,15.201557290,44050,0.188650562,0.343435829,0.092169736,0.046296296
2,58.5,0.5,28.991378029,43152,0.094002016,0.220833334,0.014285714,0
4,47.75,0,9.251126058,44653,0.095028409,0.193809524,0.028571429,0.0625
111,42.180180180,0.261261261,18.316012963,45426,0.137714975,0.269649133,0.050873238,0.03125
30,46.333333333,-0.233333333,15.412340182,45697,0.137125027,0.260750562,0.063845889,0
2357,46.880780653,0.028001697,16.349243106,43065,0.137389123,0.265136805,0.040070015,0.009630819
84,51.892857143,0.142857143,19.616822052,44471,0.187575609,0.317341612,0.104734059,0.055970149
244,49.319672131,0.045081967,19.705764189,45246,0.103399425,0.213063900,0.030769576,0.015027322
10,48.2,0.2,17.980236063,45761,0.172395833,0.339789474,0.066305419,0.071428571
347,39.458213256,0.198847262,14.387308160,43206,0.110008295,0.213543157,0.041364829,0.013754045
1,45,0,,45389,0.015625,0.04,0,0
7,42.428571429,-0.428571429,14.057704209,45874,0.195767196,0.387142857,0.061224490,0
1358,44.743004418,0.027245950,15.625105654,43054,0.141357438,0.261842260,0.034859441,0.023716699
254,48.086614173,-0.007874016,18.599172756,44319,0.167414766,0.309193246,0.076216660,0.048684211
10,54.1,-0.6,21.681789594,45812,0.252642046,0.482282051,0.103928572,0.071428571
12,58.416666667,-0.166666667,19.819450196,43903,0.195906408,0.389318182,0.074032738,0.045454545
16,53.375,-0.4375,18.931015116,45053,0.180860459,0.331993787,0.089285714,0.041666667
7,65.857142857,0.714285714,11.216484467,44418,0.203125,0.371428571,0.106122449,0
295,51.301694915,-0.023728814,18.122049293,44023,0.181224997,0.336485274,0.075177209,0.061715481
51,47.431372549,-0.176470588,18.203576464,45692,0.190735981,0.320507831,0.088525780,0.073529412
32,37.96875,0.09375,17.053018605,44308,0.079423419,0.149756051,0.030510481,0.035714286
112,49.125,-0.008928571,18.691485271,44907,0.162093844,0.301194503,0.074807864,0.040625
1,41,1,,43414,0.25,0.52,0.085714286,0
3,43,0,16.522711642,43359,0.285714286,0.518228905,0.144339951,0
80,47,0.35,19.240647901,44509,0.202980799,0.323061515,0.122811670,0.060344828
21,50,-0.142857143,20.603397778,44864,0.226013255,0.375105947,0.090000000,0.071428571
15,62.733333333,-0.133333333,21.288718228,44620,0.236046112,0.437584046,0.116246499,0.020833333
2,38.5,0,2.121320344,45893,0.119877049,0.305833333,0,0
43,50.720930233,-0.302325581,17.188486708,45370,0.179421215,0.326704048,0.087041265,0.019736842
818,44.496332518,0.107579462,16.805041245,43224,0.067963660,0.132201911,0.020140487,0.005235602
1199,46.331109258,0.218515430,17.092587641,44122,0.141894133,0.247912529,0.056377077,0.002188184
4,41.25,-0.75,6.184658438,45868,0.191675647,0.414545454,0.058008658,0
12,51.416666667,-0.416666667,20.029334548,43348,0.165364583,0.273333333,0.102380952,0.055555556
47,46.191489362,0.170212766,17.111702451,44502,0.122605344,0.220423792,0.063232924,0.0390625
4,58,-0.25,6.271629241,43033,0.18359375,0.31,0.107142857,0.0625
1705,47.607038123,0.003519062,17.765271740,45458,0.149050206,0.276998438,0.048613494,0.013178600
37,46.054054054,-0.027027027,19.356230616,45817,0.162045091,0.283883119,0.080140114,0.05
4723,44.808172772,0.101630320,15.155820655,45040,0.119920207,0.212157225,0.034621514,0.006215470
47,53.361702128,-0.446808511,17.060538668,44431,0.246358455,0.433273290,0.116133513,0
24,37.958333333,-0.125,12.605999837,45433,0.050667963,0.099884085,0.016089466,0
38,45.947368421,-0.315789474,19.845276337,45830,0.302078952,0.482080200,0.116747122,0.06
449,45.129175947,0.104677060,17.181574160,44144,0.121831750,0.225539511,0.051873888,0
4,45,-0.5,23.094010768,43934,0.185801630,0.38,0.064285714,0
10,55.6,-0.1,16.008331164,45162,0.278818741,0.520909091,0.131601732,0.055555556
8,46.5,-0.5,16.239282180,43732,0.214581515,0.354181287,0.130357143,0
95,50.294736842,-0.136842105,19.508249038,45344,0.193662325,0.344069722,0.093709374,0.100694444
271,46.446494465,0.118081181,17.926493343,43227,0.101118868,0.196156841,0.039548073,0.016839378
483,45.082815735,0.215320911,18.836195368,44121,0.145689584,0.266944090,0.059074795,0.002587992
8,47.5,0.125,18.547236991,45871,0.145627593,0.284757085,0.056527094,0.041666667
30,54.7,-0.133333333,18.107247549,44491,0.246416393,0.447525641,0.114047619,0.09
44,47.045454545,-0.363636364,16.143188564,43830,0.161367793,0.313080920,0.065539865,0
1,74,1,,43337,0.296875,0.6,0.114285714,0
159,48.213836478,-0.207547170,16.981138002,43074,0.205400852,0.363412825,0.082042502,0.065384615
788,48.118020305,0.041878173,19.459273083,44224,0.147846170,0.284630011,0.049118145,0.025968310
12,60.5,0,20.856653615,43356,0.286892059,0.491111111,0.169065766,0.025
9,46.666666667,0,18.062391868,44510,0.080927144,0.180202020,0.021645022,0
2,28.5,0,0.707106781,43811,0.031818182,0.076923077,0,
157,49.356687898,-0.076433121,18.362452192,43113,0.187524448,0.323188225,0.091169712,0.060924370
58,46.913793103,-0.120689655,14.074095257,43542,0.114848641,0.239146521,0.034214452,0
45,53.444444444,-0.288888889,20.700851493,43515,0.273057498,0.500236652,0.133331742,0.071428571
7,34.714285714,-0.571428571,11.700630834,45168,0.207119361,0.391459493,0.092563389,0
5,67.4,0.2,18.528356646,43908,0.203125,0.344,0.114285714,0.1
366,38.948087432,0.136612022,19.714122166,45056,0.155706747,0.266696274,0.044775175,0.008982036
3,54.666666667,-0.666666667,18.147543452,45695,0.182484568,0.35,0.0875,0
35,24.771428571,0.085714286,4.659498296,43403,0.077445720,0.101169656,0.029284441,0
2,49,-0.5,1.414213562,45835,0.0625,0.14,0.014285714,0
3,59.666666667,0,7.371114796,45428,0.026041667,0.066666667,0,0
2,41.5,0.5,14.849242405,44817,0.125744048,0.29375,0.019230769,0
20,51.65,-0.2,15.270456513,45159,0.214375,0.406876103,0.104634431,0
1,51,0,,43321,0.015625,0.04,0,0
1042,47.212092131,0.043186180,16.882430307,43082,0.159276631,0.306423208,0.051610007,0.021670854
108,44.148148148,-0.092592593,17.431743960,45505,0.123637124,0.226014144,0.053375994,0.097826087
1,60,1,,43961,0.453125,0.68,0.342857143,0
5,58.2,-0.2,24.376217918,44859,0.198056093,0.362793651,0.097678571,0.0625
9,44.222222222,-0.222222222,17.203035908,43462,0.285049401,0.458677249,0.174795575,0.083333333
122,49.147540984,-0.090163934,19.922441406,45133,0.151681758,0.268194138,0.060761177,0.005747126
569,51.711775044,0.050966608,19.049265776,44333,0.167313976,0.323137894,0.056659474,0.015846383
12,44.916666667,0.166666667,19.185497995,45659,0.179625939,0.397759662,0.038095238,0
14,57.285714286,-0.142857143,19.164986389,44882,0.256101191,0.463726708,0.133073229,0.041666667
1,77,1,,43439,0.21875,0.4,0.114285714,0
1,69,1,,44640,0.5,0.84,0.285714286,0.25
5,41.4,-0.4,18.689569283,43746,0.233962264,0.439714286,0.094231602,0
4,58,-0.5,22.803508502,45334,0.2578125,0.5,0.100000000,0.166666667
18,51.111111111,-0.388888889,16.708183584,43135,0.224119212,0.414584378,0.104137931,0.057692308
1,50,0,,44661,0.203125,0.44,0.057142857,0
14,45.857142857,0,18.211818406,43767,0.225685266,0.393946886,0.124704882,0
61,52.344262295,0.180327869,17.363645207,45315,0.200088356,0.365885800,0.080316818,0.044117647
3,42.333333333,0,36.170890690,43144,0.178819444,0.313333333,0.019047619,0
123,51.617886179,-0.325203252,17.640545847,45806,0.164772085,0.309691973,0.062533911,0.036764706
30,55.266666667,-0.066666667,15.668843087,44440,0.262863659,0.447866282,0.152911256,0.0625
180,45.683333333,0.177777778,17.889004457,44052,0.127890312,0.220133904,0.056176257,0.06
15,46.733333333,-0.133333333,18.140194780,45341,0.144791667,0.256,0.078095238,0.045454545
2,51.5,-0.5,31.819805153,44651,0.170454545,0.355384616,0.057142857,0
409,47.232273839,-0.110024450,16.767801046,43040,0.141538200,0.274256963,0.051121737,0.017668776
650,44.506153846,0.016923077,18.079454641,43615,0.122770777,0.240266283,0.042954376,0.016265060
10,50.8,-0.5,15.105554534,44608,0.292778540,0.531769231,0.151428571,0.03125
450,50.228888889,0.053333333,19.298812203,44095,0.193807237,0.356179006,0.080922299,0.046735905
45,38.711111111,0.111111111,15.351372788,45764,0.181983270,0.345434759,0.070232200,0.02
551,48.076225045,0.030852995,17.251234398,45243,0.152687447,0.296079600,0.049212772,0.009837963
242,46.958677686,-0.061983471,18.175217587,45005,0.133786286,0.253889305,0.053787899,0.030172414
45,53.844444444,0,18.397079259,43943,0.236378556,0.401070793,0.140708453,0.025
23,47.478260870,0.043478261,19.901734884,45612,0.164582339,0.286915741,0.039285714,0.088235294
15,56.266666667,-0.066666667,20.383700304,44837,0.242708333,0.420444444,0.136507936,0
54,49.296296296,-0.018518519,17.638540167,44201,0.261978492,0.443576362,0.116955480,0.036585366
88,39.75,0.170454545,16.347694836,43604,0.094793379,0.184629681,0.036165623,0.020408163
21,57.904761905,0.047619048,15.632993194,44443,0.245582955,0.487830688,0.098206555,0
281,46.306049822,-0.046263345,19.251686356,45805,0.148448718,0.270493081,0.060803156,0.035714286
524,35.979007634,0.152671756,12.003088280,45202,0.089711857,0.180495866,0.028016204,0.006603774
1,26,0,,43791,0.08,0.181818182,0,
2,69,-0.5,16.970562748,45307,0.109375,0.22,0.028571428,0.125
25,57.96,-0.08,19.180024331,43917,0.230400414,0.392466667,0.134857143,0.059523810
3,52,0,26.851443164,44815,0.34375,0.62,0.152380952,0
130,54.538461538,-0.192307692,19.923556953,43506,0.192973406,0.343784521,0.092675390,0.045673077
150,47.86,-0.166666667,17.906554610,45177,0.167212385,0.307207205,0.076581515,0.064732143
4,55.25,0.5,23.767975654,45333,0.125,0.24,0.05,0.083333333
20,49.3,-0.15,16.118312567,44643,0.179734225,0.383622294,0.051663844,0.014705882
961,50.181061394,0.017689906,18.287760459,44060,0.163972312,0.311559010,0.058706455,0.009784521
13,48.769230769,-0.307692308,12.852715966,45663,0.122017931,0.242580029,0.050614092,0
5,46,0,17.958284996,43435,0.115625,0.232,0.04,0.0625
10,42.6,-0.1,16.547574512,43988,0.127740422,0.276365942,0.031601732,0
11,55.272727273,0,15.792978877,45742,0.220432551,0.378859036,0.129870130,0.025
44,40.068181818,0.204545455,14.680152282,44504,0.111397229,0.190846731,0.056315832,0.034482759
7,57.714285714,0.142857143,14.488090347,44235,0.214357719,0.394523810,0.085714286,0.214285714
1486,45.106325707,0.049798116,16.689100065,43081,0.143636180,0.273458775,0.051562009,0.029347144
79,48.430379747,0.265822785,20.251421947,45506,0.161632325,0.301407900,0.063790131,0.097222222
2,36.5,0,7.778174593,43842,0.03125,0.08,0,0
525,45.853333333,0.011428571,18.482698051,45238,0.147397051,0.282862468,0.044478505,0.011396011
20,49.15,-0.15,18.641422467,45769,0.200429643,0.360295455,0.094054834,0.109375
120,44.358333333,0.091666667,18.698310638,44705,0.128857402,0.245320528,0.051791377,0.045454545
27,55.185185185,-0.185185185,19.637164602,44254,0.182011060,0.323968788,0.089688706,0.119565217
1,23,-1,,43555,0.266666667,0.428571429,0.125,
127,50.078740157,-0.031496063,19.706419186,43920,0.167990845,0.313512186,0.067976634,0.023684211
7,55.142857143,-0.142857143,23.455124326,44818,0.341602089,0.537142857,0.086160714,0.083333333
982,47.827902240,-0.025458248,17.921334375,45424,0.113424130,0.220775541,0.035346831,0.024025070
143,47.426573427,0.055944056,17.415991320,45439,0.103814826,0.200392000,0.041179561,0.009803922
42,58.952380952,-0.214285714,19.001864326,44413,0.133940572,0.258896188,0.057823129,0.012820513
1,70,-1,,45172,0.4375,0.76,0.257142857,0
4,64.25,-0.75,19.414341778,44802,0.356792903,0.562608696,0.229004329,0.1875
21,51.857142857,0.047619048,19.736478192,44688,0.192208649,0.387052154,0.062925170,0.03125
141,48.496453901,-0.177304965,17.441176285,43078,0.205439236,0.346844532,0.092701054,0.033185841
80,54.275,-0.0375,20.126797427,43338,0.291106857,0.487973414,0.160894163,0.031746032
748,48.109625668,0.052139037,17.818323477,45249,0.152224254,0.283442938,0.043268784,0.002692998
9,44.333333333,0.333333333,20.898564544,45647,0.219955107,0.404682355,0.095222431,0.2
7,51.428571429,0,17.290239471,43451,0.136585884,0.268214286,0.05855573,0
332,46.960843373,0.039156627,18.215103703,44870,0.149999309,0.281223880,0.059675585,0.025850340
5,46.6,-0.4,9.528903400,43728,0.211441546,0.419695652,0.086228673,0
623,48.890850722,-0.067415730,18.572036592,44077,0.173738616,0.314668965,0.065879224,0.047494781
15,49.133333333,0,23.922095783,44626,0.171555556,0.348236045,0.057142857,0.055555556
4,44.5,0,21.142374512,45348,0.171299342,0.374480519,0.039285714,0
7,62.714285714,0.285714286,7.889112449,43933,0.234375,0.428571429,0.122448980,0
9,41.222222222,-0.111111111,18.653269002,44427,0.134208925,0.268763829,0.045406315,0
3,40.333333333,0.333333333,14.364307618,45821,0.083333333,0.133333333,0.057142857,0
900,45.188888889,0.02,16.002429212,45044,0.107552305,0.216237344,0.029462222,0.027365032
109,50.889908257,-0.311926606,18.247445001,44820,0.210180123,0.374096829,0.102550697,0.112804878
1,26,0,,43926,0,0,0,
62,44.661290323,-0.258064516,17.677385339,45154,0.170118366,0.310986744,0.050190476,0.017441860
15,53.6,0.266666667,23.120182896,44450,0.255174188,0.477380952,0.116001221,0.068181818
287,42.696864111,0.121951220,17.043612012,45227,0.148851933,0.279741152,0.053363479,0.023351648
31,46.225806452,0.258064516,20.134066781,45780,0.229404958,0.415941711,0.107882574,0.052631579
2,23.5,0,2.121320344,45894,0.093167702,0.192857143,0,
12,53.916666667,0.083333333,19.915541365,45369,0.090978900,0.176388889,0.035714286,0.05
160,51.6625,-0.20625,19.124184531,43725,0.190077111,0.346959979,0.074365803,0.025793651
141,51.609929078,-0.177304965,20.028113473,43056,0.180879845,0.338697934,0.080904685,0.053921569
6,45.666666667,-0.5,21.313532477,44634,0.161458333,0.306666667,0.071428571,0.0625
180,49.722222222,-0.177777778,18.585467848,45356,0.176779860,0.323720535,0.077123464,0.056763285
2,66,-1,0,45720,0.4296875,0.78,0.214285715,0.125
378,51.431216931,-0.066137566,19.533736826,45429,0.178332703,0.332915958,0.075462985,0.028745645
16,48.25,-0.0625,20.094775440,45169,0.150290865,0.268072917,0.070833333,0.068181818
91,53.472527473,-0.307692308,21.024504570,44408,0.238910204,0.437895811,0.108258603,0.05
7,35.285714286,0,19.085022799,44807,0.255350673,0.346122449,0.191836735,0.083333333
23,44.869565217,-0.086956522,17.749018789,45850,0.127448646,0.255689817,0.044718144,0
241,49.236514523,-0.062240664,18.016372030,44140,0.214063780,0.390470631,0.089140345,0.009909910
21,46.380952381,0.047619048,18.985458094,43357,0.175496032,0.303200237,0.102120848,0.016666667
189,47.915343915,0.169312169,19.276080082,44511,0.176734023,0.316128142,0.091430216,0.024074074
2913,43.559560590,0.050806728,16.665708816,43068,0.062773585,0.123920527,0.014011523,0.003950244
385,44.592207792,-0.025974026,17.068258844,45251,0.090660180,0.179894353,0.030367693,0.005069708
17,42.470588235,-0.352941176,13.816284084,44490,0.159691319,0.288907563,0.074789916,0
2,39,0,2.828427125,43336,0.144270834,0.372173913,0,0
9,59.333333333,-0.222222222,18.323482202,43556,0.284532073,0.524166667,0.133333333,0.125
56,45.517857143,-0.089285714,18.207881482,44710,0.179342791,0.308297784,0.093759055,0.026315789
23,45.260869565,-0.217391304,15.731316166,45345,0.103295937,0.202249671,0.042311312,0.014705882
62,52.467741935,-0.064516129,20.177668017,44072,0.240552877,0.416154534,0.113047910,0.069148936
1246,49.170144462,0.076243981,18.222849185,44145,0.140751448,0.262379445,0.052171966,0.003118503
2,35,0,21.213203436,45831,0.225,0.53,0.014285714,0.25
188,50.223404255,0.005319149,18.449036179,45432,0.156482637,0.275959980,0.059968513,0.018192488
33,48.151515152,-0.212121212,18.858223028,44275,0.256377201,0.386782107,0.142710365,0.211805556
9,44.666666667,-0.222222222,21.195518394,43534,0.277976190,0.425608466,0.082359307,0.035714286
705,50.643971631,-0.062411348,19.420570927,45459,0.147406027,0.284292589,0.056443927,0.013812155
269,49.669144981,0.029739777,19.659560917,43623,0.159986177,0.301715495,0.063053573,0.035891089
81,40.567901235,-0.135802469,17.398231427,45015,0.085311487,0.181910092,0.021567760,0
54,47.888888889,0.185185185,18.555034578,45217,0.130769253,0.270121906,0.036715653,0.074324324
188,45.680851064,0.223404255,17.327121806,44123,0.153921059,0.286969537,0.063143563,0.001851852
25,48.52,-0.12,17.640200301,45869,0.152782234,0.288688619,0.061853480,0.027777778
87,46.540229885,-0.183908046,18.588446398,45640,0.143412918,0.280996424,0.052554735,0.035714286
13,48.384615385,-0.230769231,16.992834085,44865,0.132612179,0.247692308,0.064835165,0
3,53.666666667,0.666666667,11.930353445,45111,0.135416667,0.28,0.047619048,0
8,52.375,0.125,19.360766661,43971,0.089196162,0.181780303,0.032142857,0
90,52.766666667,0.011111111,19.564959505,43452,0.183709859,0.341302277,0.070168500,0.068493151
26,51.769230769,0.192307692,20.476928856,44451,0.178863190,0.319664066,0.092572134,0
160,39.875,0.18125,13.252625229,45226,0.125898646,0.252282333,0.045355465,0.014285714
245,51.412244898,-0.085714286,18.528153508,44906,0.132615843,0.254780627,0.055985608,0.022959184
2017,43.713435796,0.056023798,14.392636970,43035,0.114032864,0.215967213,0.031544117,0.003807107
57,42.368421053,0.157894737,16.191522891,43620,0.093956101,0.180282154,0.039075932,0.029411765
37,48.459459459,0.081081081,21.733991036,45693,0.170634336,0.312190635,0.084423843,0
443,48.846501129,0.047404063,17.395295177,44022,0.164382161,0.297991433,0.058216246,0.004888268
36,48.694444444,0.111111111,17.124451098,43777,0.177965730,0.335297907,0.077007470,0
1,41,-1,,45301,0.046875,0.08,0.028571429,0
193,48.367875648,-0.025906736,18.224994403,43420,0.194707368,0.330744617,0.093806274,0.111502347
27,58.148148148,-0.037037037,19.524548067,44003,0.178365902,0.338793804,0.076783710,0.065217391
14,56.714285714,-0.5,15.944271078,45672,0.228675912,0.464920635,0.086136524,0
1,20,0,,44627,0.166666667,0.333333333,0,
22,54.409090909,-0.090909091,25.837696880,44076,0.329638720,0.537327804,0.204537447,0.115384615
440,42.636363636,0.063636364,17.166066687,43207,0.094434235,0.185362326,0.027359725,0.011737089
55,54.418181818,-0.254545455,19.919923870,45875,0.217842001,0.397850477,0.107143268,0.043478261
260,49.684615385,-0.130769231,18.753237915,45248,0.170225751,0.346198573,0.057129436,0.017857143
498,43.403614458,0.018072289,13.028978188,43064,0.128040461,0.238436593,0.038057948,0.014430894
24,43.125,-0.333333333,16.111871130,45784,0.262341284,0.325158011,0.076016467,0
177,41.378531073,0.327683616,15.045317608,45223,0.125778672,0.255008125,0.043267076,0.013513514
8,54.625,0.125,17.229024514,45849,0.149290589,0.277260766,0.071428571,0.035714286
257,48.373540856,-0.023346304,18.364807981,45414,0.141631575,0.267749072,0.051624655,0.027925532
866,51.255196305,0.048498845,18.740102640,44143,0.135611380,0.262367224,0.046794446,0.000732064
46,54.913043478,-0.695652174,17.356172244,43518,0.305112151,0.543574160,0.165673276,0.006410256
30,55.733333333,-0.166666667,20.185234162,44412,0.189601371,0.343326007,0.093663004,0.072916667
111,56.252252252,-0.018018018,18.299760788,44040,0.172201370,0.327319361,0.077531354,0
62,51.387096774,-0.129032258,15.707735213,43146,0.141393969,0.274848536,0.057801572,0.027272727
155,49.696774194,-0.109677419,19.373423419,44663,0.191469078,0.347861692,0.079402323,0.027777778
4,55.5,0,14.083086783,45724,0.188616071,0.331904762,0.107575757,0
20,40.8,0.2,18.397940388,44704,0.137460668,0.237283942,0.072427435,0.090909091
14,48.071428571,-0.5,20.001785635,43554,0.194840253,0.333845328,0.105269177,0.125
55,48.8,0.054545455,20.643714854,44255,0.167155592,0.304146016,0.078089192,0.108974359
64,50.0625,0,17.548006715,44481,0.179119930,0.332430729,0.083450164,0.057692308
27,50.703703704,-0.222222222,16.250005479,43331,0.133420451,0.268171861,0.043301143,0.035714286
49,45.612244898,0.163265306,21.903021411,44234,0.296710843,0.470728200,0.134210008,0.305555556
43,52.255813953,-0.279069767,21.005773609,43080,0.249842046,0.430611169,0.138834377,0.057142857
116,52.689655172,-0.137931034,18.556336685,44839,0.229889486,0.411801804,0.115461183,0.051630435
35,46.742857143,0,18.378924722,45614,0.129357783,0.265485784,0.042675737,0
8,48.75,-0.25,16.015617378,44887,0.195572917,0.420434783,0.053676471,0.035714286
156,47.557692308,-0.070512821,18.378191980,45662,0.125331358,0.225485853,0.045426483,0.011363636
480,42.679166667,0.120833333,16.636265418,43232,0.100497976,0.188559296,0.028264671,0.006786102
7,46.714285714,-0.571428571,18.891923192,45844,0.305999373,0.551063373,0.156450856,0.0625
915,49.937704918,0.025136612,19.303276022,44130,0.140831256,0.254750459,0.066305443,0.033011869
222,43.288288288,0.139639640,16.044839538,45419,0.168216033,0.294826223,0.071045539,0.015822785
29,56.413793103,0.137931034,17.019982460,44401,0.256494204,0.468807170,0.130142945,0.019230769
19,48.947368421,-0.421052632,20.948279389,44814,0.220031269,0.364399460,0.134116541,0.057692308
41,51.780487805,-0.121951220,18.660804103,45176,0.219332757,0.410723049,0.096421990,0.030303030
50,57.9,0.22,16.496443649,44442,0.282822249,0.497739181,0.157149612,0.017045455
50,39.9,0.18,14.091899540,45203,0.084770495,0.170230493,0.030104166,0.008620690
122,46.868852459,-0.008196721,19.481269164,45804,0.125221305,0.234067637,0.055952357,0.038690476
15,52.933333333,0,19.016784566,44836,0.332291667,0.554666667,0.191428571,0.104166667
13,45.307692308,0.153846154,20.564470231,43942,0.101360279,0.229836932,0.019844861,0
16,39.25,-0.125,16.727223320,45613,0.130427178,0.254032738,0.056563573,0
12,59.75,0,14.943073798,43983,0.234068627,0.420416667,0.123809524,0.022727273
21,54.761904762,-0.047619048,19.395630338,43440,0.126544230,0.252510823,0.044897959,0.014705882
658,48.770516717,0.010638298,18.651834780,44094,0.170092611,0.310925844,0.073403121,0.052213001
12,50.833333333,-0.416666667,22.147576651,45896,0.161739645,0.302413420,0.073214286,0
16,53.8125,-0.0625,24.631196344,44609,0.199165483,0.356309524,0.108630952,0
39,46.538461538,-0.435897436,17.120080782,43102,0.176287430,0.330570351,0.073175681,0.064814815
63,44.111111111,0.015873016,17.065444345,44707,0.154487143,0.289007891,0.051923028,0.035714286
1,45,0,,43553,0.109375,0.28,0,0
212,52.193396226,0.094339623,19.448202046,44053,0.216913660,0.356503528,0.107277282,0.120639535
1,78,-1,,45340,0.5,0.8,0.342857143,0
10,58.4,-0.1,19.597051932,44423,0.248525884,0.461142857,0.115892857,0.027777778
43,39.441860465,-0.162790698,17.696249704,45314,0.121532405,0.251470881,0.028982499,0
7,65,0,22.412793965,43145,0.205463435,0.397142857,0.085714286,0.041666667
6,51.166666667,0.5,15.263245614,43766,0.168448465,0.305238095,0.090476190,0
8,47.125,-0.375,9.642724867,43009,0.174609375,0.322777778,0.085714286,0
142,48.985915493,-0.147887324,19.215089341,44641,0.252471242,0.419254853,0.124257115,0.083333333
2,44,0.5,4.242640687,43747,0.140625,0.26,0.057142857,0.125
59,46.711864407,-0.016949153,21.938040374,44062,0.196928808,0.335460538,0.084482759,0.111842105
17,46.588235294,0.117647059,13.793380765,43164,0.165654190,0.313300654,0.068818586,0.089285714
33,51,-0.181818182,17.089836161,45335,0.175153831,0.333827509,0.076334776,0.038461538
127,48.653543307,-0.125984252,18.392708162,43311,0.152417678,0.278623806,0.069937101,0.059278351
422,40.014218009,0.255924171,17.761946212,45220,0.134440577,0.257099230,0.045552095,0.032863850
42,47.928571429,-0.214285714,19.174923738,45619,0.121215153,0.235634921,0.046938776,0
25,48.64,-0.32,15.657479576,44214,0.200126504,0.390427329,0.083888528,0.035714286
338,49.050295858,0.017751479,19.298386717,45503,0.174264777,0.310668950,0.071236035,0.131578947
14,40.142857143,-0.285714286,10.988505483,43060,0.118579347,0.23999667,0.045854592,0
4,28,-0.5,6.480740698,43320,0.168529340,0.175252525,0.175595238,0
18,49.222222222,-0.277777778,19.794697910,45772,0.228784722,0.432211590,0.095502645,0.125
1,68,-1,,43345,0.03125,0.04,0.028571429,0
29,47.793103448,-0.310344828,18.109546240,43822,0.198436472,0.356090526,0.070002723,0.032608696
5,49.8,-0.4,19.942417105,43501,0.205256098,0.371181818,0.097142857,0.166666667
209,47.497607656,-0.062200957,18.136269547,45322,0.163379089,0.307225578,0.066460945,0.057565789
15,44.066666667,0.266666667,18.218776291,43137,0.162092826,0.323435473,0.061415816,0.022727273
511,49.095890411,0.041095890,18.853527333,44035,0.166320982,0.298039636,0.078276729,0.066358025
71,49.774647887,-0.098591549,19.443101739,45694,0.160186605,0.268105060,0.058786010,0.004807692
43,52,-0.418604651,18.491954492,44021,0.263508471,0.472934481,0.127479301,0.131313131
397,43.476070529,0.125944584,19.604487135,43402,0.181319735,0.313415043,0.081291657,0.041666667
2,49.5,0,7.778174593,45711,0.0078125,0.02,0,0
15,57.2,-0.266666667,18.303785713,43780,0.200593109,0.380599681,0.089926152,0.057692308
33,49.030303030,-0.121212121,20.512930142,43112,0.248583460,0.433294651,0.118853306,0.239583333
51,51.627450980,-0.117647059,18.815908997,43543,0.163547095,0.323220277,0.063058872,0.019230769
268,51.201492537,0.022388060,19.507716653,44266,0.198651340,0.355388101,0.084057139,0.157582938
54,38.092592593,0.129629630,10.795296877,45225,0.053435694,0.121225643,0.010350087,0.006944444
123,54.552845528,-0.097560976,19.849930112,43953,0.183057560,0.331202386,0.089452508,0.071808511
36,56.277777778,-0.194444444,18.796065107,44851,0.210917874,0.417407407,0.085901832,0.016666667
1,36,0,,45870,0.06779661,0.130434783,0.03030303,0
616,42.522727273,0.262987013,16.697679203,44120,0.138534895,0.243337787,0.058252835,0.001913265
971,45.033985582,0.115345005,17.026839894,43221,0.150714588,0.284002125,0.047703031,0.009245917
175,43.468571429,0.194285714,17.865329092,45406,0.166592369,0.314245252,0.056442713,0.022935780
86,46.697674419,0.197674419,18.240272036,44119,0.148609667,0.282444118,0.055177384,0.004098361
67,51.895522388,0.104477612,18.357670619,43935,0.161657125,0.288134921,0.079821671,0.09375
2,81,-0.5,2.828427125,44687,0.2578125,0.46,0.142857143,0
111,35.198198198,0.045045045,16.345040849,44272,0.112137135,0.221410846,0.027883846,0.078947368
6,49.166666667,-0.166666667,14.524691620,43533,0.244104158,0.46748538,0.109715380,0
1,62,-1,,45779,0.078125,0.16,0.028571429,0
33,43.363636364,-0.060606061,17.193418403,43342,0.206979129,0.381461964,0.094324194,0.0125
2,43.5,0,2.121320344,43468,0.3515625,0.6,0.214285715,0
18,48.5,-0.444444444,16.008269922,44849,0.164370691,0.307966712,0.066269841,0.05
23,48.130434783,-0.173913043,17.715695013,44637,0.275626377,0.475815682,0.106288449,0.069444444
19,51.315789474,-0.421052632,21.213341273,44010,0.203590320,0.371695395,0.093422868,0.057692308
119,40.705882353,0.050420168,17.059890983,44311,0.063051297,0.132669014,0.014890263,0.007936508
8,54,-0.5,18.369228929,43413,0.189413265,0.392631579,0.063690476,0
138,50.521739130,-0.072463768,19.030216998,44904,0.164583133,0.316063256,0.068088740,0.012135922
1,43,0,,43127,0.046875,0.12,0,0
6,55.833333333,-0.166666667,14.797522315,44682,0.404761905,0.688888889,0.191369048,0.55
355,48.250704225,0.039436620,18.891205568,43528,0.146145766,0.285576019,0.044547294,0.018924303
4,47.25,-0.75,11.441882130,44417,0.23546875,0.413157895,0.135714286,0
10,48.4,-0.2,15.064306600,45054,0.161366422,0.324,0.031904762,0.111111111
40,46.125,0.075,18.345945545,44703,0.152576220,0.273826238,0.076531036,0.018518519
4,34.25,-0.5,15.924300089,43106,0.186500754,0.298662587,0.095238095,0.75
857,50.898483081,-0.091015169,18.322403682,44256,0.186618995,0.331287893,0.074593016,0.083211679
5,63.4,-0.4,13.867227553,43549,0.225,0.44,0.097142857,0
10,53.1,-0.3,18.441800346,45146,0.200421082,0.392692308,0.082857143,0.03125
6,57.833333333,-0.166666667,19.853631070,44844,0.284256649,0.494242424,0.166666667,0
181,50.817679558,-0.082872928,19.586132201,43950,0.145111351,0.277991299,0.056356929,0.043706294
15,61.2,-0.4,11.965426385,45873,0.238541667,0.448,0.116190476,0
21,62.857142857,-0.238095238,19.923066316,45390,0.293865196,0.526753247,0.153741497,0.065789474
210,44.961904762,0.138095238,17.880209481,44103,0.078412185,0.156116309,0.027033890,0
151,41.993377483,0.251655629,15.932146409,43205,0.149394454,0.273923591,0.063779975,0.021844660
500,47.768,-0.142,18.829319226,43701,0.184767027,0.335690694,0.074447021,0.005617978
148,50.047297297,0.047297297,19.737506842,45377,0.168590878,0.312936669,0.058438552,0.022522523
383,21.973890339,0.028720627,3.057793623,43210,0.147197727,0.241196678,0.026647329,0
9,48.888888889,0.111111111,15.406528198,45886,0.132691421,0.273820817,0.047916667,0
138,39.884057971,0.202898551,17.559106633,44104,0.114231202,0.223173904,0.040936080,0.003378378
12,55.583333333,-0.416666667,16.822378674,43457,0.182803030,0.393157895,0.045634921,0
21,45.666666667,-0.285714286,16.826566297,45130,0.194499321,0.378073900,0.077777778,0.033333333
3,66.666666667,0,16.289055630,45621,0.09375,0.213333333,0.019047619,0
333,47.975975976,0.075075075,17.627658973,44241,0.126426757,0.239452150,0.049242303,0.053763441
309,50.553398058,-0.093851133,18.778473526,44718,0.162570111,0.298541639,0.063507259,0.033695652
476,42.831932773,0.189075630,18.415357128,45208,0.155629452,0.290175618,0.060652283,0.033171521
17,55.588235294,0,22.037067703,43128,0.284109477,0.436339869,0.142410714,0.038461538
18,56.444444444,-0.333333333,13.844609154,43527,0.190283764,0.344629630,0.100000000,0.014705882
17,49,-0.882352941,17.535677917,44677,0.298877042,0.509682540,0.169654819,0.035714286
16,44.1875,-0.125,17.818412761,43787,0.176724494,0.322358593,0.073754579,0.022727273
9,50.777777778,0.111111111,23.139672522,45696,0.104202586,0.225802469,0.025396825,0
36,48.111111111,0.138888889,20.119326569,45311,0.182063941,0.359258489,0.069663194,0.02
155,53.812903226,-0.303225806,18.876834940,44026,0.237769829,0.425462750,0.119424731,0.079457364
8,51.75,-0.125,13.424391447,45681,0.153680099,0.323928571,0.042857143,0.071428571
12,55.5,-0.583333333,17.531789309,43758,0.244910038,0.430793651,0.139880952,0
7,45.571428571,-0.428571429,27.036131028,43153,0.252463569,0.438095238,0.134693878,0
36,55.277777778,-0.361111111,21.508285594,45338,0.202608934,0.375517307,0.096705147,0
2,69,-1,2.828427125,44652,0.59375,0.86,0.414285715,0.5
2,33,-0.5,4.242640687,43939,0.264297730,0.434659091,0.171515151,0
86,49.848837209,-0.116279070,17.286865086,44833,0.186041002,0.314402277,0.088911383,0.136029412
222,49.666666667,0.153153153,18.600507624,44483,0.179284333,0.314478092,0.088955787,0.082358674
118,45.635593220,-0.288135593,17.802652858,45002,0.185099427,0.353254494,0.068072982,0.009259259
443,45.787810384,-0.029345372,17.134288225,45244,0.164795790,0.296364780,0.060047131,0.003955696
6,55.666666667,-0.333333333,18.062853226,43319,0.147569445,0.313333333,0.042857143,0
20,42.7,-0.15,15.593858440,43044,0.250844208,0.442880952,0.118842341,0.016666667
117,47.521367521,0.094017094,17.165321040,43611,0.146054974,0.279195472,0.064423858,0.025568182
12,58.75,-0.5,21.545406598,45148,0.193658502,0.359285714,0.090476190,0.075
16,53.25,-0.1875,18.699376104,43944,0.211523437,0.3625,0.116071429,0.0625
41,55.585365854,-0.243902439,18.286573777,44842,0.216991870,0.393088687,0.114554677,0.007142857
134,45.619402985,0.059701493,17.708073337,45205,0.127711568,0.267715886,0.034460091,0.028645833
77,48.493506494,-0.012987013,17.429273150,44444,0.181118572,0.325986935,0.076398026,0.070833333
77,45.181818182,-0.168831169,18.594514806,44657,0.192007098,0.338256355,0.058933083,0.078703704
26,54.269230769,-0.269230769,17.110365729,44046,0.235813492,0.414444444,0.122629223,0.107142857
13,49.923076923,-0.076923077,18.865583914,43148,0.122091517,0.244122288,0.044410762,0
102,26.460784314,0.137254902,12.251224686,43022,0.247350629,0.342139603,0.071678409,0.053571429
1,28,0,,45330,0.034482759,0.083333333,0,
17,51.941176471,-0.117647059,20.458710212,44644,0.246414868,0.400028011,0.146871789,0.211538462
77,37.129870130,0.142857143,14.532495936,45214,0.106979904,0.197242319,0.018689494,0
1,29,0,,45032,0.189189189,0.428571429,0.043478261,
5,67,-0.4,21.365860619,44068,0.154779412,0.322,0.046666667,0.05
21,47.190476190,-0.095238095,19.953994707,43569,0.176196809,0.316608187,0.087787299,0.096153846
824,47.845873786,0.008495146,16.520300335,44236,0.150563523,0.278585589,0.056633331,0.020769231
56,51.392857143,-0.232142857,16.847636545,43724,0.264815023,0.459160608,0.136420186,0
129,51.310077519,-0.023255814,19.064364028,44622,0.201591744,0.366272269,0.077481201,0.036764706
82,47.268292683,-0.097560976,20.538460628,45895,0.185276503,0.337616286,0.058672846,0.026785714
64,51.828125,-0.140625,18.303919857,44081,0.226997870,0.415514746,0.094547563,0.036363636
34,50.794117647,-0.264705882,16.723743621,45368,0.273584803,0.487007469,0.141201186,0.064814815
16,52.5,0.1875,20.119642144,45652,0.313092607,0.534232955,0.120761905,0
2,32,0,2.828427125,45155,0.049930971,0.13125,0,0
3,42,0,19.078784028,43927,0.153438783,0.311322751,0.056349206,0
132,50.371212121,0.151515152,17.937297618,44262,0.128108165,0.238437735,0.043564698,0.025700935
3,67.333333333,0,18.583146486,44697,0.197916667,0.44,0.047619048,0
4,38.25,0,10.045728777,45820,0.034307065,0.077777778,0.007142857,0
69,49.869565217,-0.173913043,15.658969468,43011,0.154229420,0.311503790,0.057400088,0
3,39,0,22.605309111,45160,0.088452381,0.158421053,0.020634921,0
1,51,0,,43932,0.015625,0.04,0,0
155,48.529032258,-0.032258065,17.918759551,44830,0.153184871,0.288665910,0.060604043,0.027083333
114,42.412280702,0.192982456,17.915144828,45402,0.130846450,0.234126987,0.042538271,0.021428571
20,41.65,-0.05,13.401786998,43217,0.026466174,0.065638889,0.001428571,0
142,33.105633803,0.091549296,10.898440090,44115,0.057052797,0.116297209,0.017272875,0.004716981
8,54.125,-0.375,22.041762310,43973,0.384373141,0.4025,0.053901561,0
14,59.428571429,-0.5,23.870529902,45646,0.262764481,0.56,0.071201814,0
27,49.259259259,-0.185185185,20.171557647,43450,0.257793559,0.513838918,0.082758621,0.035714286
1,42,0,,45630,0.0625,0.16,0,0
64,50.6875,-0.109375,19.645165809,45121,0.235578013,0.421574242,0.074303811,0.010638298
9,56.333333333,-0.555555556,10.246950766,44855,0.271306818,0.480211640,0.153571429,0
12,47.75,-0.083333333,14.985599148,43466,0.189385208,0.395732386,0.062210078,0
44,46.590909091,0.022727273,20.298147678,44730,0.158162324,0.314782273,0.051498922,0.071428571
18,50.666666667,-0.166666667,21.600653585,45735,0.171967523,0.314166667,0.085714286,0.057692308
5,42.6,-0.4,20.107212636,43347,0.135681818,0.219047619,0.070178571,0
2,54,0.5,22.627416998,44689,0.133060516,0.24,0.071428571,0
21,39.238095238,0.047619048,12.809780490,43116,0.124414422,0.217474535,0.018125,0
50,51.18,-0.02,19.451341699,44270,0.145475662,0.282337602,0.060601743,0.013513514
27,43.740740741,-0.148148148,18.649793962,43783,0.101360925,0.213129898,0.025948930,0.014705882
490,50.112244898,-0.018367347,17.660674980,44039,0.153025831,0.287840656,0.065342238,0.06125
5,68.4,0,12.381437719,45326,0.24375,0.48,0.102857143,0
70,49.271428571,-0.2,18.578405283,45157,0.157360296,0.309068007,0.062994058,0.009433962
26,53.615384615,-0.230769231,18.819302693,43502,0.188508760,0.333921869,0.083879185,0.011904762
263,49.114068441,-0.022813688,19.956305126,44126,0.177708954,0.330917675,0.072816880,0.075354610
2,45,-0.5,4.242640687,45864,0.140625,0.32,0.028571428,0
992,42.497983871,0.057459677,15.887469946,43228,0.085350853,0.168264692,0.023082011,0.007153614
5,35.2,0.4,17.683325479,45768,0.334375,0.468696356,0.062030075,0
16,57.3125,-0.1875,15.772206567,43324,0.225585938,0.452115385,0.083928572,0.053571429
636,42.330188679,-0.028301887,16.839710304,45239,0.092233133,0.179034905,0.032246221,0.002579365
2,43.5,0,6.363961031,43843,0,0,0,0
140,48.85,0.2,20.918796408,44505,0.153532519,0.271366544,0.071877895,0.044270833
87,44.264367816,-0.034482759,17.837418059,43812,0.136972399,0.246488341,0.052891955,0.008474576
7,52.714285714,-0.142857143,17.528208558,45743,0.125,0.257142857,0.040816327,0.041666667
85,50.129411765,0.188235294,20.444924993,44117,0.171415752,0.311477411,0.064027511,0.003676471
281,44.818505338,0.053380783,17.792428543,43223,0.083461107,0.166893018,0.028753271,0.015706806
3,38.666666667,0,23.692474192,45859,0.128464912,0.261414141,0.028571429,0
136,43.485294118,0.022058824,15.881498807,45404,0.071495474,0.146206122,0.019861956,0.010416667
1,47,-1,,45332,0.125,0.24,0.057142857,0
52,36.153846154,0.192307692,13.351044044,44302,0.113530385,0.209358206,0.030520179,0.021739130
1,30,-1,,45688,0.268292683,0.5,0.12,
524,40.261450382,0.261450382,18.449309464,45701,0.157096344,0.271721452,0.062684945,0.030575540
12,44.75,-0.333333333,20.512191497,45306,0.187107308,0.369166667,0.040476191,0
140,41.685714286,0.107142857,15.880890156,43605,0.112235967,0.201552535,0.048111842,0.044117647
215,48.037209302,-0.167441860,18.468677997,43050,0.158653331,0.277208028,0.072839786,0.007961783
8,41.75,0.125,16.228282191,45101,0.087890625,0.205,0.014285714,0
32,59.5625,0,22.027750094,43430,0.231617424,0.443770292,0.097781385,0.009259259
2,35.5,-0.5,21.920310217,45004,0.209375,0.45,0.057142857,0
1087,46.697332107,0.060717571,17.641598209,45242,0.150050235,0.274632745,0.043821840,0.005233990
12,44.166666667,-0.166666667,20.639033334,44878,0.284540720,0.446666667,0.103896104,0.125
8,43,-0.25,19.033804514,43443,0.137588944,0.279583333,0.028571429,0.05
409,44.821515892,0.095354523,18.477727097,43614,0.145505987,0.285018226,0.051870078,0.028431373
285,42.073684211,0.059649123,14.893217644,43240,0.084969276,0.151303665,0.012923879,0.003865979
315,45.841269841,0.088888889,17.344033234,44138,0.143352003,0.254567478,0.073040582,0.003275109
15,51.866666667,-0.266666667,20.258566677,44441,0.131547619,0.246666667,0.057142857,0
153,47.928104575,-0.228758170,16.955865533,45030,0.151940375,0.308757250,0.052570030,0.008196721
112,50.928571429,-0.267857143,19.488372272,45807,0.204725863,0.351240065,0.104794341,0.056547619
3470,44.8,0.051873199,16.125169803,43016,0.122394714,0.235090889,0.026225209,0.004718836
14,46.571428571,0.142857143,12.768436358,44675,0.191571842,0.376428571,0.079783163,0
6,49.333333333,-0.166666667,24.565558546,43521,0.198090278,0.400579710,0.033333333,0.125
14,50.785714286,-0.357142857,21.035422767,43003,0.194128961,0.338435374,0.108410637,0.045454545
47,44.787234043,0.127659574,19.313136068,45416,0.172927379,0.304420957,0.046408730,0.022727273
479,47.482254697,0.106471816,17.617721154,44129,0.146478568,0.253416034,0.074706355,0.025500911
1952,47.053790984,0.085040984,18.111440324,43235,0.124862162,0.242712042,0.039264836,0.014636449
9,45.111111111,-0.222222222,20.636402572,45658,0.178468757,0.369814815,0.055135387,0
1,59,0,,43985,0.015625,0.04,0,0
245,49.8,-0.240816327,19.701377167,44883,0.213535230,0.366030903,0.103588419,0.090355805
4,42.5,-0.25,25.488559525,43438,0.135602678,0.277142857,0.021428572,0.125
83,53.168674699,-0.216867470,19.663522795,44615,0.250664249,0.466884158,0.109668911,0
1,65,0,,43717,0.21875,0.4,0.114285714,0
169,46.573964497,-0.071005917,18.848601919,45504,0.158456327,0.286403722,0.070082317,0.081896552
146,49.445205479,-0.061643836,17.249500071,44233,0.176237736,0.331508068,0.066485454,0.049180328
35,45.685714286,-0.171428571,17.845367546,43832,0.183993581,0.362183944,0.055799202,0.079545455
104,44.278846154,0.153846154,18.369696834,44485,0.137851860,0.248108998,0.065728136,0.0625
15,49.333333333,-0.066666667,19.404221436,44430,0.217291667,0.409333333,0.088888889,0
2,50,0,7.071067812,45816,0.109375,0.26,0.014285714,0
1,30,0,,43111,0,0,0,
7,51.142857143,-0.142857143,12.667919738,45729,0.112703634,0.243116883,0.032653061,0
3,35.666666667,-0.333333333,25.482019805,44503,0.239583333,0.45,0.057142857,0.25
30,53.633333333,-0.033333333,18.981812227,44889,0.214474206,0.394074074,0.102105933,0.0625
297,45.952861953,-0.033670034,16.914464870,45103,0.123594889,0.239953319,0.045475043,0.014823718
48,47.166666667,-0.0625,17.382227820,45648,0.148842522,0.303773683,0.048468502,0.006944444
11,64.454545455,-0.363636364,15.095453861,44082,0.273136556,0.474150198,0.154978355,0.045454545
39,47.102564103,-0.025641026,16.234782140,44621,0.208275758,0.381574057,0.100843463,0.017241379
310,45.106451613,-0.129032258,17.420507119,45371,0.128696802,0.232371179,0.056035869,0.014639640
33,49.121212121,-0.515151515,17.912561193,43727,0.302115808,0.588567493,0.119434683,0.01
58,49.224137931,-0.051724138,18.703637983,43964,0.193683986,0.347461430,0.095452136,0.083333333
32,49.28125,-0.78125,16.706642247,45623,0.284233570,0.534151508,0.133931629,0
18,43.944444444,-0.444444444,18.203012751,43358,0.219460869,0.362859874,0.071708683,0.025
183,45.191256831,0.295081967,21.523856686,45213,0.182855328,0.350373229,0.065479497,0.039972900
45,54.866666667,0.2,19.637163283,44436,0.288994689,0.533470435,0.142878124,0
13,50.846153846,-0.307692308,18.160608258,43013,0.207917430,0.383931624,0.105494505,0
4,54.75,0.75,16.839932700,44404,0.2109375,0.4,0.1,0
86,43.627906977,-0.069767442,18.432098927,44811,0.189843451,0.344190433,0.069969519,0.1
21,47.571428571,-0.047619048,17.797672400,43913,0.164732837,0.303706294,0.082142857,0
21,52.047619048,0.142857143,19.048559501,45813,0.215361421,0.414784580,0.087755102,0
25,44.24,-0.24,13.884283681,45052,0.180905002,0.352351693,0.073071391,0
1,63,-1,,44049,0.421875,0.64,0.285714286,0.25
55,49.654545455,-0.127272727,19.638603501,44654,0.186628267,0.347470490,0.061174968,0.073170732
10,58.2,0.1,17.453430099,43155,0.254464286,0.445,0.14,0.055555556
39,57.102564103,-0.282051282,18.433086488,43756,0.177583076,0.318215625,0.095714360,0.015151515
430,45.927906977,-0.130232558,18.207222440,43055,0.173754311,0.303859799,0.075538618,0.036666667
2,23.5,0,6.363961031,45363,0.266129032,0.538461539,0,
67,54.731343284,0,17.039688155,44090,0.209069736,0.392139235,0.092682555,0.043859649
17,49.294117647,-0.352941176,23.456781285,43719,0.172598115,0.329297386,0.076657529,0
8,47.875,-0.25,22.002840726,44613,0.277003705,0.514307359,0.120021645,0.083333333
4,34.25,0,13.696106503,45001,0.1875,0.39,0.014285714,0
85,51.211764706,-0.211764706,19.429416895,43316,0.180894872,0.329740223,0.088671974,0.014925373
25,49.24,-0.04,17.616942603,44470,0.229098121,0.423266667,0.107333333,0.026315789
319,49,-0.137931034,18.930192848,45247,0.173227840,0.328618796,0.062667139,0.005208333
12,51.5,-0.333333333,19.970432690,45760,0.270610119,0.472643468,0.143145743,0.111111111
32,47.5,-0.15625,20.117397382,43718,0.131776694,0.263436824,0.045870536,0.022727273
8,55,-0.625,17.336995950,45362,0.175688272,0.383660714,0.039810924,0.071428571
31,48.064516129,-0.161290323,18.706390145,44612,0.177618586,0.338066693,0.072235023,0.0625
79,48.417721519,-0.063291139,18.417945259,43566,0.179694284,0.331889581,0.085714623,0.004237288
32,22.8125,0,1.941690318,44243,0.052661072,0.096850198,0,
11,44.909090909,-0.363636364,25.069720962,44048,0.179159977,0.337659852,0.076190476,0.05
17,38.941176471,-0.529411765,17.580068928,45337,0.240588235,0.369098659,0.093802521,0.027777778
8,44.875,0.125,18.216456453,43154,0.195969178,0.365,0.085714286,0
601,47.402662230,-0.044925125,16.478094335,45066,0.150281843,0.269364687,0.054265105,0.044117647
7,44,-0.285714286,24.610295948,45685,0.169701816,0.328598901,0.060997732,0
88,51.136363636,-0.125,18.072129949,44030,0.149905992,0.293915602,0.061663080,0.021739130
40,48.075,0.1,18.856254488,43912,0.139514506,0.267627056,0.060981380,0.008928571
2,54,0,21.213203436,43511,0.0546875,0.14,0,0
61,50.409836066,0.163934426,19.679411449,44405,0.182975683,0.332182435,0.088694912,0.054347826
1,77,-1,,43524,0.578125,0.84,0.428571429,0.25
1,31,0,,43006,0.065217391,0.166666667,0,
397,46.740554156,-0.075566751,17.893362369,44281,0.168187116,0.314493347,0.059790759,0.016439909
14,42.571428571,0.142857143,18.927856093,45034,0.240474496,0.350714286,0.090870668,0.03125
287,40.501742160,0.108013937,15.822855595,45212,0.120582724,0.246855639,0.039183085,0.014970060
42,50.666666667,0.214285714,16.567182763,44437,0.231981108,0.410567924,0.117023021,0.1
218,45.307339450,0.096330275,16.623287238,43613,0.153998531,0.301616214,0.058354219,0.022151899
1,34,0,,43458,0.037037037,0.1,0,0
550,42.841818182,0.214545455,16.352739569,43214,0.176638567,0.331843295,0.069758641,0.025552486
190,47.552631579,0.284210526,19.659936121,44108,0.142399411,0.267367717,0.058628910,0.005597015
19,42.473684211,-0.315789474,17.270296983,45381,0.122826346,0.219093567,0.065665584,0
20,54.2,-0.2,20.679509309,45882,0.259184028,0.459326923,0.135966387,0.083333333
183,47.956284153,-0.092896175,17.016419071,45102,0.147790624,0.282158376,0.063475118,0.010869565
7,44,-0.428571429,21.102922388,43946,0.204057631,0.415952381,0.033133253,0
308,48.431818182,-0.025974026,18.337726387,45150,0.165189857,0.291847685,0.066900931,0.032132768
23,59.347826087,-0.304347826,18.069584429,44840,0.287227846,0.505764081,0.157199322,0.0625
502,48.802788845,-0.069721116,18.345077499,45601,0.193918304,0.358214136,0.077347163,0.071396994
8,49.25,0.25,18.706377828,44699,0.12890625,0.25,0.057142857,0
85,48.505882353,0.035294118,18.868986604,43545,0.147143062,0.266563092,0.062255405,0.011904762
736,42.974184783,0.005434783,16.138284625,43110,0.114832887,0.207637927,0.042932903,0.026673294
91,51.208791209,-0.032967033,18.288136096,44260,0.213567947,0.386835199,0.107215246,0.024305556
186,48.629032258,-0.188172043,18.102919464,45305,0.203478126,0.340758497,0.101252642,0.047535211
895,44.627932961,0.015642458,17.219373541,43123,0.130535777,0.246622409,0.045650365,0.035235798
53,49.320754717,-0.018867925,17.355750083,44273,0.211882756,0.372437488,0.100253342,0.121794872
25,40.76,-0.28,17.215012828,43532,0.209423701,0.308295971,0.076002259,0.05
20,46.65,-0.2,17.723831711,45715,0.219139881,0.406088745,0.101428571,0
14,43.285714286,0,15.409430536,45856,0.133407509,0.249272405,0.064115646,0
1226,45.442903752,0.097879282,17.761515454,43220,0.130304331,0.252452691,0.041990036,0.007593925
822,41.210462287,0.229927007,16.920124380,44118,0.139655797,0.250585459,0.057787840,0.003125
16,48.9375,-0.25,18.702829554,43739,0.243841893,0.410226024,0.084523810,0
3,54,0,4.582575695,44633,0.052083333,0.093333333,0.028571429,0
727,50.830811554,0.092159560,18.741763657,44070,0.151849260,0.289643282,0.062213736,0.004901961
13,46.076923077,-0.153846154,19.504108706,45359,0.254459079,0.426565657,0.153675918,0.03125
169,43.982248521,-0.112426036,18.441501260,43952,0.168393635,0.296405046,0.077956199,0.082568807
1,92,1,,44850,0.484375,0.68,0.4,0
118,38.652542373,0.220338983,14.097570330,43203,0.099152936,0.195142244,0.036857632,0.003731343
44,52.386363636,-0.159090909,17.588600840,45879,0.227365106,0.435388643,0.099783550,0.006756757
18,23,0.111111111,1.909727421,45384,0.072329971,0.137323633,0.012820513,
30,46.4,-0.033333333,19.508795541,44606,0.154694223,0.314933622,0.037142857,0.025
11,45.636363636,0.181818182,16.842046950,44449,0.176704545,0.301212121,0.093112948,0.09375
222,45.792792793,0.171171171,19.513131496,45224,0.182998662,0.342318579,0.068820104,0.023972603
19,22,0.052631579,1.527525232,45469,0.055913983,0.100524037,0.011278195,
3,35.666666667,0,22.810816148,43030,0.142654221,0.300952381,0.028571429,0
40,43.175,0,16.007830616,45710,0.160387009,0.306820562,0.067967424,0.019444444
3,23,0,2.645751311,44555,0.033333333,0.066666667,0,
10,51.4,-0.1,15.457468529,44669,0.339653610,0.562944445,0.195928190,0.148148148
16,39.875,0.0625,9.646242792,43136,0.083122780,0.166841251,0.030930398,0.022727273
38,54.552631579,-0.131578947,18.790016568,45323,0.203116995,0.363535828,0.101337904,0.0546875
5,43.8,-0.2,18.619881847,45671,0.128892544,0.226181818,0.074285714,0
237,45.691983122,0.088607595,18.256240490,44305,0.116613825,0.214276755,0.048564908,0.037096774
402,49.962686567,0.012437811,18.033803138,44012,0.155446840,0.289920732,0.065572745,0.046410256
30,45.7,-0.133333333,21.107524398,43344,0.194008642,0.343231963,0.069025228,0
45,55.088888889,0.066666667,17.409274203,45732,0.193109962,0.362306397,0.087152838,0.0375
52,48.346153846,-0.134615385,19.154566972,45107,0.180461229,0.324088306,0.069106662,0.027027027
19,44.368421053,0.105263158,18.797785113,45644,0.263637318,0.436451842,0.094849026,0.153846154
102,50.764705882,-0.088235294,19.538829819,45502,0.236549977,0.424793101,0.107592884,0.068376068
31,53.032258065,0.032258065,16.009338673,43061,0.224840497,0.411915989,0.080000000,0.018518519
16,54.75,-0.0625,17.830685162,44215,0.272888826,0.456466557,0.151179316,0.25
50,44.94,-0.3,17.114750769,45106,0.165202957,0.300291775,0.058725925,0
16,50.5,-0.3125,13.505554413,45645,0.169921875,0.33375,0.066071429,0
53,55.207547170,-0.113207547,18.636562999,43449,0.238038698,0.446394151,0.108607500,0.055555556
177,51.124293785,-0.152542373,18.658909878,44460,0.206229562,0.381822967,0.087632535,0.012681159
1764,44.990362812,-0.021541950,16.550183850,45011,0.095553087,0.189063225,0.025822476,0.021551724
11,46.181818182,-0.090909091,19.513165719,45786,0.214230372,0.384588745,0.114529221,0
19,58.157894737,-0.473684211,16.823472881,43310,0.251146840,0.474570637,0.115789474,0.044117647
54,30.462962963,0.018518519,11.058528618,44304,0.053780478,0.114277722,0.007916962,0
81,48.432098765,-0.061728395,18.115558418,43410,0.214551265,0.361566812,0.118495777,0.091666667
12,50,0,19.493588690,43008,0.083333333,0.166666667,0.028571429,0.0625
694,49.063400576,0.048991354,17.721315883,44149,0.150504009,0.274812697,0.064622926,0.005699322
3,49.333333333,0,19.218047074,45827,0.17741578,0.350370370,0.072577997,0
4,42,-0.75,16.673332001,45808,0.249455170,0.477951128,0.114583333,0
131,46.954198473,-0.061068702,18.063078618,43031,0.180317081,0.322751050,0.091857806,0.028061224
73,46.178082192,-0.136986301,16.916742583,43103,0.172633637,0.336149647,0.053740586,0.030448718
25,49.68,-0.24,17.969232965,44253,0.238094026,0.390478322,0.106998848,0.083333333
90,49.522222222,0.155555556,18.721631890,44706,0.197404338,0.343965022,0.093966908,0.060185185
452,47.013274336,-0.081858407,16.388162969,45385,0.153412762,0.282017842,0.072326854,0.018063584
590,36.361016949,0.274576271,14.669424874,43202,0.131290584,0.236432495,0.050393445,0.008234519
1,66,0,,43441,0.078125,0.16,0.028571429,0
63,48.730158730,-0.317460317,17.997496555,44632,0.189518144,0.334167898,0.099011827,0.067708333
12,55,-0.25,17.842747444,45358,0.21875,0.41,0.107142857,0
50,47.28,-0.06,19.667688201,45714,0.143292599,0.261112626,0.069783550,0.029411765
387,46.545219638,-0.049095607,15.543350598,43021,0.172633716,0.310140682,0.062061946,0.018608414
70,49.557142857,-0.3,19.343302563,45304,0.217760025,0.394410481,0.107160286,0.0625
3,29.333333333,-0.333333333,9.073771726,43788,0.094328704,0.2,0.009523810,0
470,51.657446809,-0.006382979,19.221071024,44131,0.176228518,0.310395515,0.088918808,0.050802139
9,42.555555556,0.111111111,22.040367006,45845,0.204854855,0.441587302,0.028571429,0.0625
7,61.428571429,-0.142857143,20.452034478,44841,0.160443723,0.324835165,0.061224490,0
34,49.264705882,0.147058824,19.811702730,43947,0.158425065,0.283443519,0.083977441,0.01
4,38.5,0.25,14.708274315,43940,0.077651515,0.119230769,0.055357143,0
1,55,0,,44838,0.203125,0.48,0.028571429,0
597,35.246231156,0.169179229,12.284027116,43215,0.092099189,0.179797184,0.027866781,0.005474453
11,47.909090909,-0.272727273,17.443936170,45883,0.179160927,0.367984190,0.058441558,0
375,46.874666667,0.061333333,17.898787738,44109,0.119793693,0.227481609,0.053712650,0.001831502
6,67.666666667,-0.166666667,25.602083249,45380,0.361979167,0.556666667,0.226190476,0.3
5,41.4,-0.4,22.142718894,43837,0.268509615,0.497333333,0.102857143,0
200,49.695,-0.185,20.085545066,45750,0.172150012,0.301067603,0.079496025,0
191,43.811518325,0.073298429,16.512390031,43612,0.118888090,0.223055706,0.047543906,0.034
396,49.984848485,-0.098484848,19.298580593,43130,0.180979828,0.325050645,0.078121486,0.148911798
70,54,-0.228571429,16.852299546,44280,0.190841904,0.349007185,0.088095905,0.061475410
5,38.2,0.2,12.357184145,43525,0.078125,0.184,0.014285714,0
1117,43.396598030,0.023276634,16.518896182,43147,0.115936528,0.211472983,0.039100203,0.022490222
14,43.357142857,-0.071428571,16.946100722,43764,0.093974754,0.188527668,0.030852341,0
7,66,-0.285714286,22.752289262,45312,0.332857143,0.582556391,0.192517007,0
110,51.890909091,-0.081818182,19.328804125,44041,0.204627831,0.360215620,0.107690734,0.060240964
69,51.188405797,-0.202898551,19.940555307,44662,0.293505082,0.465727122,0.121160878,0.051886792
6,50.833333333,-0.666666667,16.080008292,45684,0.205729167,0.4,0.090476190,0
93,43.741935484,-0.182795699,15.256433586,45067,0.116050127,0.231379282,0.029090130,0.021428571
293,49.344709898,0.129692833,19.249104614,44142,0.158600531,0.288447711,0.072572033,0.042424242
146,50.198630137,0.061643836,20.586108427,45415,0.195739701,0.343275407,0.059894216,0.052752294
3,54.666666667,-0.333333333,13.316656237,45848,0.161458333,0.373333333,0.028571429,0
62,49.338709677,-0.225806452,18.694211911,43567,0.168762157,0.297381230,0.067766924,0.032608696
